[    7400ms] [INFO] LegacyDataMixin will be applied to all legacy elements.
Set `_legacyUndefinedCheck: true` on element class to enable. @ https://www.youtube.com/s/_/ytmainappweb/_/js/k=ytmainappweb.kevlar_base.en_US.UX0qHUKkvjY.es5.O/am=AAAAIAAAEAASBQ/d=1/br=1/rs=AGKMywEPH1Z7R-YW1xESkOAs3uoBc7YPgQ/m=kevlar_base_module,kevlar_main_module,kevlar_base_sync_mod_chunk:13025
[    9318ms] [INFO] Banner not shown: beforeinstallpromptevent.preventDefault() called. The page must call beforeinstallpromptevent.prompt() to show the banner. @ https://www.youtube.com/:0
[   38665ms] [WARNING] The resource https://i.ytimg.com/generate_204 was preloaded using link preload but not used within a few seconds from the window's load event. Please make sure it has an appropriate `as` value and it is preloaded intentionally. @ https://www.youtube.com/watch?v=EWiiqKPyATs:0
[   42339ms] [ERROR] Access to fetch at 'https://googleads.g.doubleclick.net/pagead/viewthroughconversion/962985656/?backend=innertube&cname=1&cver=2_20260922&foc_id=k1Bo7dksiQtWyJRuWKSVNQ&label=followon_view&ptype=no_rmkt&random=505184669&cv_attributed=0' (redirected from 'https://www.youtube.com/pagead/viewthroughconversion/962985656/?backend=innertube&cname=1&cver=2_20260922&foc_id=k1Bo7dksiQtWyJRuWKSVNQ&label=followon_view&ptype=no_rmkt&random=505184669') from origin 'https://www.youtube.com' has been blocked by CORS policy: No 'Access-Control-Allow-Origin' header is present on the requested resource. @ https://www.youtube.com/watch?v=EWiiqKPyATs:0
[   42340ms] [ERROR] Failed to load resource: net::ERR_FAILED @ https://googleads.g.doubleclick.net/pagead/viewthroughconversion/962985656/?backend=innertube&cname=1&cver=2_20260922&foc_id=k1Bo7dksiQtWyJRuWKSVNQ&label=followon_view&ptype=no_rmkt&random=505184669&cv_attributed=0:0
[   54091ms] [WARNING] The resource https://i.ytimg.com/generate_204 was preloaded using link preload but not used within a few seconds from the window's load event. Please make sure it has an appropriate `as` value and it is preloaded intentionally. @ https://www.youtube.com/watch?v=EWiiqKPyATs:0
[   60316ms] [WARNING] The resource https://i.ytimg.com/generate_204 was preloaded using link preload but not used within a few seconds from the window's load event. Please make sure it has an appropriate `as` value and it is preloaded intentionally. @ https://www.youtube.com/watch?v=EWiiqKPyATs:0
[   65887ms] [WARNING] The resource https://i.ytimg.com/generate_204 was preloaded using link preload but not used within a few seconds from the window's load event. Please make sure it has an appropriate `as` value and it is preloaded intentionally. @ https://www.youtube.com/watch?v=EWiiqKPyATs:0
[   70290ms] [WARNING] The resource https://i.ytimg.com/generate_204 was preloaded using link preload but not used within a few seconds from the window's load event. Please make sure it has an appropriate `as` value and it is preloaded intentionally. @ https://www.youtube.com/watch?v=EWiiqKPyATs:0
[   74537ms] [WARNING] The resource https://i.ytimg.com/generate_204 was preloaded using link preload but not used within a few seconds from the window's load event. Please make sure it has an appropriate `as` value and it is preloaded intentionally. @ https://www.youtube.com/watch?v=EWiiqKPyATs:0
[   78804ms] [WARNING] The resource https://i.ytimg.com/generate_204 was preloaded using link preload but not used within a few seconds from the window's load event. Please make sure it has an appropriate `as` value and it is preloaded intentionally. @ https://www.youtube.com/watch?v=EWiiqKPyATs:0
[   87277ms] [WARNING] The resource https://i.ytimg.com/generate_204 was preloaded using link preload but not used within a few seconds from the window's load event. Please make sure it has an appropriate `as` value and it is preloaded intentionally. @ https://www.youtube.com/watch?v=EWiiqKPyATs:0
[   95012ms] [WARNING] The resource https://i.ytimg.com/generate_204 was preloaded using link preload but not used within a few seconds from the window's load event. Please make sure it has an appropriate `as` value and it is preloaded intentionally. @ https://www.youtube.com/watch?v=EWiiqKPyATs:0
[   98752ms] [WARNING] The resource https://i.ytimg.com/generate_204 was preloaded using link preload but not used within a few seconds from the window's load event. Please make sure it has an appropriate `as` value and it is preloaded intentionally. @ https://www.youtube.com/watch?v=EWiiqKPyATs:0
[  104302ms] [WARNING] The resource https://i.ytimg.com/generate_204 was preloaded using link preload but not used within a few seconds from the window's load event. Please make sure it has an appropriate `as` value and it is preloaded intentionally. @ https://www.youtube.com/watch?v=EWiiqKPyATs:0
[  110567ms] [WARNING] The resource https://i.ytimg.com/generate_204 was preloaded using link preload but not used within a few seconds from the window's load event. Please make sure it has an appropriate `as` value and it is preloaded intentionally. @ https://www.youtube.com/watch?v=EWiiqKPyATs:0
[  118298ms] [WARNING] The resource https://i.ytimg.com/generate_204 was preloaded using link preload but not used within a few seconds from the window's load event. Please make sure it has an appropriate `as` value and it is preloaded intentionally. @ https://www.youtube.com/watch?v=EWiiqKPyATs:0
[  127266ms] [WARNING] The resource https://i.ytimg.com/generate_204 was preloaded using link preload but not used within a few seconds from the window's load event. Please make sure it has an appropriate `as` value and it is preloaded intentionally. @ https://www.youtube.com/watch?v=EWiiqKPyATs:0
[  135316ms] [WARNING] The resource https://i.ytimg.com/generate_204 was preloaded using link preload but not used within a few seconds from the window's load event. Please make sure it has an appropriate `as` value and it is preloaded intentionally. @ https://www.youtube.com/watch?v=EWiiqKPyATs:0
[  141316ms] [WARNING] The resource https://i.ytimg.com/generate_204 was preloaded using link preload but not used within a few seconds from the window's load event. Please make sure it has an appropriate `as` value and it is preloaded intentionally. @ https://www.youtube.com/watch?v=EWiiqKPyATs:0
[  151413ms] [WARNING] The resource https://i.ytimg.com/generate_204 was preloaded using link preload but not used within a few seconds from the window's load event. Please make sure it has an appropriate `as` value and it is preloaded intentionally. @ https://www.youtube.com/watch?v=EWiiqKPyATs:0
[  156866ms] [WARNING] The resource https://i.ytimg.com/generate_204 was preloaded using link preload but not used within a few seconds from the window's load event. Please make sure it has an appropriate `as` value and it is preloaded intentionally. @ https://www.youtube.com/watch?v=EWiiqKPyATs:0
[  166466ms] [WARNING] The resource https://i.ytimg.com/generate_204 was preloaded using link preload but not used within a few seconds from the window's load event. Please make sure it has an appropriate `as` value and it is preloaded intentionally. @ https://www.youtube.com/watch?v=EWiiqKPyATs:0
[  170173ms] [WARNING] The resource https://i.ytimg.com/generate_204 was preloaded using link preload but not used within a few seconds from the window's load event. Please make sure it has an appropriate `as` value and it is preloaded intentionally. @ https://www.youtube.com/watch?v=EWiiqKPyATs:0
[  178291ms] [WARNING] The resource https://i.ytimg.com/generate_204 was preloaded using link preload but not used within a few seconds from the window's load event. Please make sure it has an appropriate `as` value and it is preloaded intentionally. @ https://www.youtube.com/watch?v=EWiiqKPyATs:0
[  182267ms] [WARNING] The resource https://i.ytimg.com/generate_204 was preloaded using link preload but not used within a few seconds from the window's load event. Please make sure it has an appropriate `as` value and it is preloaded intentionally. @ https://www.youtube.com/watch?v=EWiiqKPyATs:0
[  187370ms] [WARNING] The resource https://i.ytimg.com/generate_204 was preloaded using link preload but not used within a few seconds from the window's load event. Please make sure it has an appropriate `as` value and it is preloaded intentionally. @ https://www.youtube.com/watch?v=EWiiqKPyATs:0
[  191921ms] [WARNING] The resource https://i.ytimg.com/generate_204 was preloaded using link preload but not used within a few seconds from the window's load event. Please make sure it has an appropriate `as` value and it is preloaded intentionally. @ https://www.youtube.com/watch?v=EWiiqKPyATs:0
[  202045ms] [WARNING] The resource https://i.ytimg.com/generate_204 was preloaded using link preload but not used within a few seconds from the window's load event. Please make sure it has an appropriate `as` value and it is preloaded intentionally. @ https://www.youtube.com/watch?v=EWiiqKPyATs:0
[  209317ms] [WARNING] The resource https://i.ytimg.com/generate_204 was preloaded using link preload but not used within a few seconds from the window's load event. Please make sure it has an appropriate `as` value and it is preloaded intentionally. @ https://www.youtube.com/watch?v=EWiiqKPyATs:0
[  215450ms] [WARNING] The resource https://i.ytimg.com/generate_204 was preloaded using link preload but not used within a few seconds from the window's load event. Please make sure it has an appropriate `as` value and it is preloaded intentionally. @ https://www.youtube.com/watch?v=EWiiqKPyATs:0
[  218688ms] [WARNING] The resource https://i.ytimg.com/generate_204 was preloaded using link preload but not used within a few seconds from the window's load event. Please make sure it has an appropriate `as` value and it is preloaded intentionally. @ https://www.youtube.com/watch?v=EWiiqKPyATs:0
[  226193ms] [WARNING] The resource https://i.ytimg.com/generate_204 was preloaded using link preload but not used within a few seconds from the window's load event. Please make sure it has an appropriate `as` value and it is preloaded intentionally. @ https://www.youtube.com/watch?v=EWiiqKPyATs:0
[  230927ms] [WARNING] The resource https://i.ytimg.com/generate_204 was preloaded using link preload but not used within a few seconds from the window's load event. Please make sure it has an appropriate `as` value and it is preloaded intentionally. @ https://www.youtube.com/watch?v=EWiiqKPyATs:0
[  238372ms] [WARNING] The resource https://i.ytimg.com/generate_204 was preloaded using link preload but not used within a few seconds from the window's load event. Please make sure it has an appropriate `as` value and it is preloaded intentionally. @ https://www.youtube.com/watch?v=EWiiqKPyATs:0
[  241667ms] [WARNING] The resource https://i.ytimg.com/generate_204 was preloaded using link preload but not used within a few seconds from the window's load event. Please make sure it has an appropriate `as` value and it is preloaded intentionally. @ https://www.youtube.com/watch?v=EWiiqKPyATs:0
[  249867ms] [WARNING] The resource https://i.ytimg.com/generate_204 was preloaded using link preload but not used within a few seconds from the window's load event. Please make sure it has an appropriate `as` value and it is preloaded intentionally. @ https://www.youtube.com/watch?v=EWiiqKPyATs:0
[  257630ms] [WARNING] The resource https://i.ytimg.com/generate_204 was preloaded using link preload but not used within a few seconds from the window's load event. Please make sure it has an appropriate `as` value and it is preloaded intentionally. @ https://www.youtube.com/watch?v=EWiiqKPyATs:0
[  261842ms] [WARNING] The resource https://i.ytimg.com/generate_204 was preloaded using link preload but not used within a few seconds from the window's load event. Please make sure it has an appropriate `as` value and it is preloaded intentionally. @ https://www.youtube.com/watch?v=EWiiqKPyATs:0
[  268473ms] [WARNING] The resource https://i.ytimg.com/generate_204 was preloaded using link preload but not used within a few seconds from the window's load event. Please make sure it has an appropriate `as` value and it is preloaded intentionally. @ https://www.youtube.com/watch?v=EWiiqKPyATs:0
[  272642ms] [WARNING] The resource https://i.ytimg.com/generate_204 was preloaded using link preload but not used within a few seconds from the window's load event. Please make sure it has an appropriate `as` value and it is preloaded intentionally. @ https://www.youtube.com/watch?v=EWiiqKPyATs:0
[  278067ms] [WARNING] The resource https://i.ytimg.com/generate_204 was preloaded using link preload but not used within a few seconds from the window's load event. Please make sure it has an appropriate `as` value and it is preloaded intentionally. @ https://www.youtube.com/watch?v=EWiiqKPyATs:0
[  289077ms] [WARNING] The resource https://i.ytimg.com/generate_204 was preloaded using link preload but not used within a few seconds from the window's load event. Please make sure it has an appropriate `as` value and it is preloaded intentionally. @ https://www.youtube.com/watch?v=EWiiqKPyATs:0
[  294823ms] [WARNING] The resource https://i.ytimg.com/generate_204 was preloaded using link preload but not used within a few seconds from the window's load event. Please make sure it has an appropriate `as` value and it is preloaded intentionally. @ https://www.youtube.com/watch?v=EWiiqKPyATs:0
[  299817ms] [WARNING] The resource https://i.ytimg.com/generate_204 was preloaded using link preload but not used within a few seconds from the window's load event. Please make sure it has an appropriate `as` value and it is preloaded intentionally. @ https://www.youtube.com/watch?v=EWiiqKPyATs:0
[  308093ms] [WARNING] The resource https://i.ytimg.com/generate_204 was preloaded using link preload but not used within a few seconds from the window's load event. Please make sure it has an appropriate `as` value and it is preloaded intentionally. @ https://www.youtube.com/watch?v=EWiiqKPyATs:0
[  311492ms] [WARNING] The resource https://i.ytimg.com/generate_204 was preloaded using link preload but not used within a few seconds from the window's load event. Please make sure it has an appropriate `as` value and it is preloaded intentionally. @ https://www.youtube.com/watch?v=EWiiqKPyATs:0
[  319019ms] [WARNING] The resource https://i.ytimg.com/generate_204 was preloaded using link preload but not used within a few seconds from the window's load event. Please make sure it has an appropriate `as` value and it is preloaded intentionally. @ https://www.youtube.com/watch?v=EWiiqKPyATs:0
[  322192ms] [WARNING] The resource https://i.ytimg.com/generate_204 was preloaded using link preload but not used within a few seconds from the window's load event. Please make sure it has an appropriate `as` value and it is preloaded intentionally. @ https://www.youtube.com/watch?v=EWiiqKPyATs:0
[  328968ms] [WARNING] The resource https://i.ytimg.com/generate_204 was preloaded using link preload but not used within a few seconds from the window's load event. Please make sure it has an appropriate `as` value and it is preloaded intentionally. @ https://www.youtube.com/watch?v=EWiiqKPyATs:0
[  332743ms] [WARNING] The resource https://i.ytimg.com/generate_204 was preloaded using link preload but not used within a few seconds from the window's load event. Please make sure it has an appropriate `as` value and it is preloaded intentionally. @ https://www.youtube.com/watch?v=EWiiqKPyATs:0
[  342318ms] [WARNING] The resource https://i.ytimg.com/generate_204 was preloaded using link preload but not used within a few seconds from the window's load event. Please make sure it has an appropriate `as` value and it is preloaded intentionally. @ https://www.youtube.com/watch?v=EWiiqKPyATs:0
[  346093ms] [WARNING] The resource https://i.ytimg.com/generate_204 was preloaded using link preload but not used within a few seconds from the window's load event. Please make sure it has an appropriate `as` value and it is preloaded intentionally. @ https://www.youtube.com/watch?v=EWiiqKPyATs:0
[  350996ms] [WARNING] The resource https://i.ytimg.com/generate_204 was preloaded using link preload but not used within a few seconds from the window's load event. Please make sure it has an appropriate `as` value and it is preloaded intentionally. @ https://www.youtube.com/watch?v=EWiiqKPyATs:0
[  355618ms] [WARNING] The resource https://i.ytimg.com/generate_204 was preloaded using link preload but not used within a few seconds from the window's load event. Please make sure it has an appropriate `as` value and it is preloaded intentionally. @ https://www.youtube.com/watch?v=EWiiqKPyATs:0
[  360722ms] [WARNING] The resource https://i.ytimg.com/generate_204 was preloaded using link preload but not used within a few seconds from the window's load event. Please make sure it has an appropriate `as` value and it is preloaded intentionally. @ https://www.youtube.com/watch?v=EWiiqKPyATs:0
[  369169ms] [WARNING] The resource https://i.ytimg.com/generate_204 was preloaded using link preload but not used within a few seconds from the window's load event. Please make sure it has an appropriate `as` value and it is preloaded intentionally. @ https://www.youtube.com/watch?v=EWiiqKPyATs:0
[  374442ms] [WARNING] The resource https://i.ytimg.com/generate_204 was preloaded using link preload but not used within a few seconds from the window's load event. Please make sure it has an appropriate `as` value and it is preloaded intentionally. @ https://www.youtube.com/watch?v=EWiiqKPyATs:0
[  379499ms] [WARNING] The resource https://i.ytimg.com/generate_204 was preloaded using link preload but not used within a few seconds from the window's load event. Please make sure it has an appropriate `as` value and it is preloaded intentionally. @ https://www.youtube.com/watch?v=EWiiqKPyATs:0
[  382843ms] [WARNING] The resource https://i.ytimg.com/generate_204 was preloaded using link preload but not used within a few seconds from the window's load event. Please make sure it has an appropriate `as` value and it is preloaded intentionally. @ https://www.youtube.com/watch?v=EWiiqKPyATs:0
[  386023ms] [WARNING] The resource https://i.ytimg.com/generate_204 was preloaded using link preload but not used within a few seconds from the window's load event. Please make sure it has an appropriate `as` value and it is preloaded intentionally. @ https://www.youtube.com/watch?v=EWiiqKPyATs:0
[  390118ms] [WARNING] The resource https://i.ytimg.com/generate_204 was preloaded using link preload but not used within a few seconds from the window's load event. Please make sure it has an appropriate `as` value and it is preloaded intentionally. @ https://www.youtube.com/watch?v=EWiiqKPyATs:0
[  400742ms] [WARNING] The resource https://i.ytimg.com/generate_204 was preloaded using link preload but not used within a few seconds from the window's load event. Please make sure it has an appropriate `as` value and it is preloaded intentionally. @ https://www.youtube.com/watch?v=EWiiqKPyATs:0
[  407522ms] [WARNING] The resource https://i.ytimg.com/generate_204 was preloaded using link preload but not used within a few seconds from the window's load event. Please make sure it has an appropriate `as` value and it is preloaded intentionally. @ https://www.youtube.com/watch?v=EWiiqKPyATs:0
[  412372ms] [WARNING] The resource https://i.ytimg.com/generate_204 was preloaded using link preload but not used within a few seconds from the window's load event. Please make sure it has an appropriate `as` value and it is preloaded intentionally. @ https://www.youtube.com/watch?v=EWiiqKPyATs:0
[  415994ms] [WARNING] The resource https://i.ytimg.com/generate_204 was preloaded using link preload but not used within a few seconds from the window's load event. Please make sure it has an appropriate `as` value and it is preloaded intentionally. @ https://www.youtube.com/watch?v=EWiiqKPyATs:0
[  420498ms] [WARNING] The resource https://i.ytimg.com/generate_204 was preloaded using link preload but not used within a few seconds from the window's load event. Please make sure it has an appropriate `as` value and it is preloaded intentionally. @ https://www.youtube.com/watch?v=EWiiqKPyATs:0
[  428394ms] [WARNING] The resource https://i.ytimg.com/generate_204 was preloaded using link preload but not used within a few seconds from the window's load event. Please make sure it has an appropriate `as` value and it is preloaded intentionally. @ https://www.youtube.com/watch?v=EWiiqKPyATs:0
[  435069ms] [WARNING] The resource https://i.ytimg.com/generate_204 was preloaded using link preload but not used within a few seconds from the window's load event. Please make sure it has an appropriate `as` value and it is preloaded intentionally. @ https://www.youtube.com/watch?v=EWiiqKPyATs:0
[  438724ms] [WARNING] The resource https://i.ytimg.com/generate_204 was preloaded using link preload but not used within a few seconds from the window's load event. Please make sure it has an appropriate `as` value and it is preloaded intentionally. @ https://www.youtube.com/watch?v=EWiiqKPyATs:0
[  446344ms] [WARNING] The resource https://i.ytimg.com/generate_204 was preloaded using link preload but not used within a few seconds from the window's load event. Please make sure it has an appropriate `as` value and it is preloaded intentionally. @ https://www.youtube.com/watch?v=EWiiqKPyATs:0
[  454690ms] [WARNING] The resource https://i.ytimg.com/generate_204 was preloaded using link preload but not used within a few seconds from the window's load event. Please make sure it has an appropriate `as` value and it is preloaded intentionally. @ https://www.youtube.com/watch?v=EWiiqKPyATs:0
[  458741ms] [WARNING] The resource https://i.ytimg.com/generate_204 was preloaded using link preload but not used within a few seconds from the window's load event. Please make sure it has an appropriate `as` value and it is preloaded intentionally. @ https://www.youtube.com/watch?v=EWiiqKPyATs:0
[  475074ms] [WARNING] The resource https://i.ytimg.com/generate_204 was preloaded using link preload but not used within a few seconds from the window's load event. Please make sure it has an appropriate `as` value and it is preloaded intentionally. @ https://www.youtube.com/watch?v=EWiiqKPyATs:0
[  478341ms] [WARNING] The resource https://i.ytimg.com/generate_204 was preloaded using link preload but not used within a few seconds from the window's load event. Please make sure it has an appropriate `as` value and it is preloaded intentionally. @ https://www.youtube.com/watch?v=EWiiqKPyATs:0
[  483845ms] [WARNING] The resource https://i.ytimg.com/generate_204 was preloaded using link preload but not used within a few seconds from the window's load event. Please make sure it has an appropriate `as` value and it is preloaded intentionally. @ https://www.youtube.com/watch?v=EWiiqKPyATs:0
[  488143ms] [WARNING] The resource https://i.ytimg.com/generate_204 was preloaded using link preload but not used within a few seconds from the window's load event. Please make sure it has an appropriate `as` value and it is preloaded intentionally. @ https://www.youtube.com/watch?v=EWiiqKPyATs:0
[  491449ms] [WARNING] The resource https://i.ytimg.com/generate_204 was preloaded using link preload but not used within a few seconds from the window's load event. Please make sure it has an appropriate `as` value and it is preloaded intentionally. @ https://www.youtube.com/watch?v=EWiiqKPyATs:0
[  498351ms] [WARNING] The resource https://i.ytimg.com/generate_204 was preloaded using link preload but not used within a few seconds from the window's load event. Please make sure it has an appropriate `as` value and it is preloaded intentionally. @ https://www.youtube.com/watch?v=EWiiqKPyATs:0
[  508369ms] [WARNING] The resource https://i.ytimg.com/generate_204 was preloaded using link preload but not used within a few seconds from the window's load event. Please make sure it has an appropriate `as` value and it is preloaded intentionally. @ https://www.youtube.com/watch?v=EWiiqKPyATs:0
[  518304ms] [WARNING] The resource https://i.ytimg.com/generate_204 was preloaded using link preload but not used within a few seconds from the window's load event. Please make sure it has an appropriate `as` value and it is preloaded intentionally. @ https://www.youtube.com/watch?v=EWiiqKPyATs:0
[  530777ms] [WARNING] The resource https://i.ytimg.com/generate_204 was preloaded using link preload but not used within a few seconds from the window's load event. Please make sure it has an appropriate `as` value and it is preloaded intentionally. @ https://www.youtube.com/watch?v=EWiiqKPyATs:0
[  540895ms] [WARNING] The resource https://i.ytimg.com/generate_204 was preloaded using link preload but not used within a few seconds from the window's load event. Please make sure it has an appropriate `as` value and it is preloaded intentionally. @ https://www.youtube.com/watch?v=EWiiqKPyATs:0
[  548420ms] [WARNING] The resource https://i.ytimg.com/generate_204 was preloaded using link preload but not used within a few seconds from the window's load event. Please make sure it has an appropriate `as` value and it is preloaded intentionally. @ https://www.youtube.com/watch?v=EWiiqKPyATs:0
[  555295ms] [WARNING] The resource https://i.ytimg.com/generate_204 was preloaded using link preload but not used within a few seconds from the window's load event. Please make sure it has an appropriate `as` value and it is preloaded intentionally. @ https://www.youtube.com/watch?v=EWiiqKPyATs:0
[  561820ms] [WARNING] The resource https://i.ytimg.com/generate_204 was preloaded using link preload but not used within a few seconds from the window's load event. Please make sure it has an appropriate `as` value and it is preloaded intentionally. @ https://www.youtube.com/watch?v=EWiiqKPyATs:0
[  565602ms] [WARNING] The resource https://i.ytimg.com/generate_204 was preloaded using link preload but not used within a few seconds from the window's load event. Please make sure it has an appropriate `as` value and it is preloaded intentionally. @ https://www.youtube.com/watch?v=EWiiqKPyATs:0
[  570094ms] [WARNING] The resource https://i.ytimg.com/generate_204 was preloaded using link preload but not used within a few seconds from the window's load event. Please make sure it has an appropriate `as` value and it is preloaded intentionally. @ https://www.youtube.com/watch?v=EWiiqKPyATs:0
[  578301ms] [WARNING] The resource https://i.ytimg.com/generate_204 was preloaded using link preload but not used within a few seconds from the window's load event. Please make sure it has an appropriate `as` value and it is preloaded intentionally. @ https://www.youtube.com/watch?v=EWiiqKPyATs:0
[  581917ms] [WARNING] The resource https://i.ytimg.com/generate_204 was preloaded using link preload but not used within a few seconds from the window's load event. Please make sure it has an appropriate `as` value and it is preloaded intentionally. @ https://www.youtube.com/watch?v=EWiiqKPyATs:0
[  585951ms] [WARNING] The resource https://i.ytimg.com/generate_204 was preloaded using link preload but not used within a few seconds from the window's load event. Please make sure it has an appropriate `as` value and it is preloaded intentionally. @ https://www.youtube.com/watch?v=EWiiqKPyATs:0
[  595295ms] [WARNING] The resource https://i.ytimg.com/generate_204 was preloaded using link preload but not used within a few seconds from the window's load event. Please make sure it has an appropriate `as` value and it is preloaded intentionally. @ https://www.youtube.com/watch?v=EWiiqKPyATs:0
[  599600ms] [WARNING] The resource https://i.ytimg.com/generate_204 was preloaded using link preload but not used within a few seconds from the window's load event. Please make sure it has an appropriate `as` value and it is preloaded intentionally. @ https://www.youtube.com/watch?v=EWiiqKPyATs:0
[  603995ms] [WARNING] The resource https://i.ytimg.com/generate_204 was preloaded using link preload but not used within a few seconds from the window's load event. Please make sure it has an appropriate `as` value and it is preloaded intentionally. @ https://www.youtube.com/watch?v=EWiiqKPyATs:0
[  608345ms] [WARNING] The resource https://i.ytimg.com/generate_204 was preloaded using link preload but not used within a few seconds from the window's load event. Please make sure it has an appropriate `as` value and it is preloaded intentionally. @ https://www.youtube.com/watch?v=EWiiqKPyATs:0
[  614571ms] [WARNING] The resource https://i.ytimg.com/generate_204 was preloaded using link preload but not used within a few seconds from the window's load event. Please make sure it has an appropriate `as` value and it is preloaded intentionally. @ https://www.youtube.com/watch?v=EWiiqKPyATs:0
[  629559ms] [WARNING] The resource https://i.ytimg.com/generate_204 was preloaded using link preload but not used within a few seconds from the window's load event. Please make sure it has an appropriate `as` value and it is preloaded intentionally. @ https://www.youtube.com/watch?v=EWiiqKPyATs:0
[  638268ms] [WARNING] The resource https://i.ytimg.com/generate_204 was preloaded using link preload but not used within a few seconds from the window's load event. Please make sure it has an appropriate `as` value and it is preloaded intentionally. @ https://www.youtube.com/watch?v=EWiiqKPyATs:0
[  656682ms] [WARNING] The resource https://i.ytimg.com/generate_204 was preloaded using link preload but not used within a few seconds from the window's load event. Please make sure it has an appropriate `as` value and it is preloaded intentionally. @ https://www.youtube.com/watch?v=EWiiqKPyATs:0
[  668267ms] [WARNING] The resource https://i.ytimg.com/generate_204 was preloaded using link preload but not used within a few seconds from the window's load event. Please make sure it has an appropriate `as` value and it is preloaded intentionally. @ https://www.youtube.com/watch?v=EWiiqKPyATs:0
[  678290ms] [WARNING] The resource https://i.ytimg.com/generate_204 was preloaded using link preload but not used within a few seconds from the window's load event. Please make sure it has an appropriate `as` value and it is preloaded intentionally. @ https://www.youtube.com/watch?v=EWiiqKPyATs:0
[  682178ms] [WARNING] The resource https://i.ytimg.com/generate_204 was preloaded using link preload but not used within a few seconds from the window's load event. Please make sure it has an appropriate `as` value and it is preloaded intentionally. @ https://www.youtube.com/watch?v=EWiiqKPyATs:0
[  688133ms] [WARNING] The resource https://i.ytimg.com/generate_204 was preloaded using link preload but not used within a few seconds from the window's load event. Please make sure it has an appropriate `as` value and it is preloaded intentionally. @ https://www.youtube.com/watch?v=EWiiqKPyATs:0
[  692449ms] [WARNING] The resource https://i.ytimg.com/generate_204 was preloaded using link preload but not used within a few seconds from the window's load event. Please make sure it has an appropriate `as` value and it is preloaded intentionally. @ https://www.youtube.com/watch?v=EWiiqKPyATs:0
[  698713ms] [WARNING] The resource https://i.ytimg.com/generate_204 was preloaded using link preload but not used within a few seconds from the window's load event. Please make sure it has an appropriate `as` value and it is preloaded intentionally. @ https://www.youtube.com/watch?v=EWiiqKPyATs:0
[  701974ms] [WARNING] The resource https://i.ytimg.com/generate_204 was preloaded using link preload but not used within a few seconds from the window's load event. Please make sure it has an appropriate `as` value and it is preloaded intentionally. @ https://www.youtube.com/watch?v=EWiiqKPyATs:0
[  709539ms] [WARNING] The resource https://i.ytimg.com/generate_204 was preloaded using link preload but not used within a few seconds from the window's load event. Please make sure it has an appropriate `as` value and it is preloaded intentionally. @ https://www.youtube.com/watch?v=EWiiqKPyATs:0
[  715254ms] [WARNING] The resource https://i.ytimg.com/generate_204 was preloaded using link preload but not used within a few seconds from the window's load event. Please make sure it has an appropriate `as` value and it is preloaded intentionally. @ https://www.youtube.com/watch?v=EWiiqKPyATs:0
[  725649ms] [WARNING] The resource https://i.ytimg.com/generate_204 was preloaded using link preload but not used within a few seconds from the window's load event. Please make sure it has an appropriate `as` value and it is preloaded intentionally. @ https://www.youtube.com/watch?v=EWiiqKPyATs:0
[  738677ms] [WARNING] The resource https://i.ytimg.com/generate_204 was preloaded using link preload but not used within a few seconds from the window's load event. Please make sure it has an appropriate `as` value and it is preloaded intentionally. @ https://www.youtube.com/watch?v=EWiiqKPyATs:0
[  750955ms] [WARNING] The resource https://i.ytimg.com/generate_204 was preloaded using link preload but not used within a few seconds from the window's load event. Please make sure it has an appropriate `as` value and it is preloaded intentionally. @ https://www.youtube.com/watch?v=EWiiqKPyATs:0
[  755252ms] [WARNING] The resource https://i.ytimg.com/generate_204 was preloaded using link preload but not used within a few seconds from the window's load event. Please make sure it has an appropriate `as` value and it is preloaded intentionally. @ https://www.youtube.com/watch?v=EWiiqKPyATs:0
[  759184ms] [WARNING] The resource https://i.ytimg.com/generate_204 was preloaded using link preload but not used within a few seconds from the window's load event. Please make sure it has an appropriate `as` value and it is preloaded intentionally. @ https://www.youtube.com/watch?v=EWiiqKPyATs:0
[  767354ms] [WARNING] The resource https://i.ytimg.com/generate_204 was preloaded using link preload but not used within a few seconds from the window's load event. Please make sure it has an appropriate `as` value and it is preloaded intentionally. @ https://www.youtube.com/watch?v=EWiiqKPyATs:0
[  770977ms] [WARNING] The resource https://i.ytimg.com/generate_204 was preloaded using link preload but not used within a few seconds from the window's load event. Please make sure it has an appropriate `as` value and it is preloaded intentionally. @ https://www.youtube.com/watch?v=EWiiqKPyATs:0
[  779553ms] [WARNING] The resource https://i.ytimg.com/generate_204 was preloaded using link preload but not used within a few seconds from the window's load event. Please make sure it has an appropriate `as` value and it is preloaded intentionally. @ https://www.youtube.com/watch?v=EWiiqKPyATs:0
[  782680ms] [WARNING] The resource https://i.ytimg.com/generate_204 was preloaded using link preload but not used within a few seconds from the window's load event. Please make sure it has an appropriate `as` value and it is preloaded intentionally. @ https://www.youtube.com/watch?v=EWiiqKPyATs:0
[  809358ms] [WARNING] The resource https://i.ytimg.com/generate_204 was preloaded using link preload but not used within a few seconds from the window's load event. Please make sure it has an appropriate `as` value and it is preloaded intentionally. @ https://www.youtube.com/watch?v=EWiiqKPyATs:0
[  819536ms] [WARNING] The resource https://i.ytimg.com/generate_204 was preloaded using link preload but not used within a few seconds from the window's load event. Please make sure it has an appropriate `as` value and it is preloaded intentionally. @ https://www.youtube.com/watch?v=EWiiqKPyATs:0
[  828258ms] [WARNING] The resource https://i.ytimg.com/generate_204 was preloaded using link preload but not used within a few seconds from the window's load event. Please make sure it has an appropriate `as` value and it is preloaded intentionally. @ https://www.youtube.com/watch?v=EWiiqKPyATs:0
[  840060ms] [WARNING] The resource https://i.ytimg.com/generate_204 was preloaded using link preload but not used within a few seconds from the window's load event. Please make sure it has an appropriate `as` value and it is preloaded intentionally. @ https://www.youtube.com/watch?v=EWiiqKPyATs:0
[  848414ms] [WARNING] The resource https://i.ytimg.com/generate_204 was preloaded using link preload but not used within a few seconds from the window's load event. Please make sure it has an appropriate `as` value and it is preloaded intentionally. @ https://www.youtube.com/watch?v=EWiiqKPyATs:0
[  853224ms] [WARNING] The resource https://i.ytimg.com/generate_204 was preloaded using link preload but not used within a few seconds from the window's load event. Please make sure it has an appropriate `as` value and it is preloaded intentionally. @ https://www.youtube.com/watch?v=EWiiqKPyATs:0
[  858152ms] [WARNING] The resource https://i.ytimg.com/generate_204 was preloaded using link preload but not used within a few seconds from the window's load event. Please make sure it has an appropriate `as` value and it is preloaded intentionally. @ https://www.youtube.com/watch?v=EWiiqKPyATs:0
[  870632ms] [WARNING] The resource https://i.ytimg.com/generate_204 was preloaded using link preload but not used within a few seconds from the window's load event. Please make sure it has an appropriate `as` value and it is preloaded intentionally. @ https://www.youtube.com/watch?v=EWiiqKPyATs:0
[  875239ms] [WARNING] The resource https://i.ytimg.com/generate_204 was preloaded using link preload but not used within a few seconds from the window's load event. Please make sure it has an appropriate `as` value and it is preloaded intentionally. @ https://www.youtube.com/watch?v=EWiiqKPyATs:0
[  879828ms] [WARNING] The resource https://i.ytimg.com/generate_204 was preloaded using link preload but not used within a few seconds from the window's load event. Please make sure it has an appropriate `as` value and it is preloaded intentionally. @ https://www.youtube.com/watch?v=EWiiqKPyATs:0
[  883884ms] [WARNING] The resource https://i.ytimg.com/generate_204 was preloaded using link preload but not used within a few seconds from the window's load event. Please make sure it has an appropriate `as` value and it is preloaded intentionally. @ https://www.youtube.com/watch?v=EWiiqKPyATs:0
[  890610ms] [WARNING] The resource https://i.ytimg.com/generate_204 was preloaded using link preload but not used within a few seconds from the window's load event. Please make sure it has an appropriate `as` value and it is preloaded intentionally. @ https://www.youtube.com/watch?v=EWiiqKPyATs:0
[  898252ms] [WARNING] The resource https://i.ytimg.com/generate_204 was preloaded using link preload but not used within a few seconds from the window's load event. Please make sure it has an appropriate `as` value and it is preloaded intentionally. @ https://www.youtube.com/watch?v=EWiiqKPyATs:0
[  903265ms] [WARNING] The resource https://i.ytimg.com/generate_204 was preloaded using link preload but not used within a few seconds from the window's load event. Please make sure it has an appropriate `as` value and it is preloaded intentionally. @ https://www.youtube.com/watch?v=EWiiqKPyATs:0
[  909807ms] [WARNING] The resource https://i.ytimg.com/generate_204 was preloaded using link preload but not used within a few seconds from the window's load event. Please make sure it has an appropriate `as` value and it is preloaded intentionally. @ https://www.youtube.com/watch?v=EWiiqKPyATs:0
[  912949ms] [WARNING] The resource https://i.ytimg.com/generate_204 was preloaded using link preload but not used within a few seconds from the window's load event. Please make sure it has an appropriate `as` value and it is preloaded intentionally. @ https://www.youtube.com/watch?v=EWiiqKPyATs:0
[  917311ms] [WARNING] The resource https://i.ytimg.com/generate_204 was preloaded using link preload but not used within a few seconds from the window's load event. Please make sure it has an appropriate `as` value and it is preloaded intentionally. @ https://www.youtube.com/watch?v=EWiiqKPyATs:0
[  920503ms] [WARNING] The resource https://i.ytimg.com/generate_204 was preloaded using link preload but not used within a few seconds from the window's load event. Please make sure it has an appropriate `as` value and it is preloaded intentionally. @ https://www.youtube.com/watch?v=EWiiqKPyATs:0
[  924815ms] [WARNING] The resource https://i.ytimg.com/generate_204 was preloaded using link preload but not used within a few seconds from the window's load event. Please make sure it has an appropriate `as` value and it is preloaded intentionally. @ https://www.youtube.com/watch?v=EWiiqKPyATs:0
[  931063ms] [WARNING] The resource https://i.ytimg.com/generate_204 was preloaded using link preload but not used within a few seconds from the window's load event. Please make sure it has an appropriate `as` value and it is preloaded intentionally. @ https://www.youtube.com/watch?v=EWiiqKPyATs:0
[  934274ms] [WARNING] The resource https://i.ytimg.com/generate_204 was preloaded using link preload but not used within a few seconds from the window's load event. Please make sure it has an appropriate `as` value and it is preloaded intentionally. @ https://www.youtube.com/watch?v=EWiiqKPyATs:0
[  939733ms] [WARNING] The resource https://i.ytimg.com/generate_204 was preloaded using link preload but not used within a few seconds from the window's load event. Please make sure it has an appropriate `as` value and it is preloaded intentionally. @ https://www.youtube.com/watch?v=EWiiqKPyATs:0
[  943827ms] [WARNING] The resource https://i.ytimg.com/generate_204 was preloaded using link preload but not used within a few seconds from the window's load event. Please make sure it has an appropriate `as` value and it is preloaded intentionally. @ https://www.youtube.com/watch?v=EWiiqKPyATs:0
[  950136ms] [WARNING] The resource https://i.ytimg.com/generate_204 was preloaded using link preload but not used within a few seconds from the window's load event. Please make sure it has an appropriate `as` value and it is preloaded intentionally. @ https://www.youtube.com/watch?v=EWiiqKPyATs:0
[  957278ms] [WARNING] The resource https://i.ytimg.com/generate_204 was preloaded using link preload but not used within a few seconds from the window's load event. Please make sure it has an appropriate `as` value and it is preloaded intentionally. @ https://www.youtube.com/watch?v=EWiiqKPyATs:0
[  964038ms] [WARNING] The resource https://i.ytimg.com/generate_204 was preloaded using link preload but not used within a few seconds from the window's load event. Please make sure it has an appropriate `as` value and it is preloaded intentionally. @ https://www.youtube.com/watch?v=EWiiqKPyATs:0
[  970353ms] [WARNING] The resource https://i.ytimg.com/generate_204 was preloaded using link preload but not used within a few seconds from the window's load event. Please make sure it has an appropriate `as` value and it is preloaded intentionally. @ https://www.youtube.com/watch?v=EWiiqKPyATs:0
[  976828ms] [WARNING] The resource https://i.ytimg.com/generate_204 was preloaded using link preload but not used within a few seconds from the window's load event. Please make sure it has an appropriate `as` value and it is preloaded intentionally. @ https://www.youtube.com/watch?v=EWiiqKPyATs:0
[  983702ms] [WARNING] The resource https://i.ytimg.com/generate_204 was preloaded using link preload but not used within a few seconds from the window's load event. Please make sure it has an appropriate `as` value and it is preloaded intentionally. @ https://www.youtube.com/watch?v=EWiiqKPyATs:0
[  991712ms] [WARNING] The resource https://i.ytimg.com/generate_204 was preloaded using link preload but not used within a few seconds from the window's load event. Please make sure it has an appropriate `as` value and it is preloaded intentionally. @ https://www.youtube.com/watch?v=EWiiqKPyATs:0
[ 1000364ms] [WARNING] The resource https://i.ytimg.com/generate_204 was preloaded using link preload but not used within a few seconds from the window's load event. Please make sure it has an appropriate `as` value and it is preloaded intentionally. @ https://www.youtube.com/watch?v=EWiiqKPyATs:0
[ 1003834ms] [WARNING] The resource https://i.ytimg.com/generate_204 was preloaded using link preload but not used within a few seconds from the window's load event. Please make sure it has an appropriate `as` value and it is preloaded intentionally. @ https://www.youtube.com/watch?v=EWiiqKPyATs:0
[ 1008578ms] [WARNING] The resource https://i.ytimg.com/generate_204 was preloaded using link preload but not used within a few seconds from the window's load event. Please make sure it has an appropriate `as` value and it is preloaded intentionally. @ https://www.youtube.com/watch?v=EWiiqKPyATs:0
[ 1016502ms] [WARNING] The resource https://i.ytimg.com/generate_204 was preloaded using link preload but not used within a few seconds from the window's load event. Please make sure it has an appropriate `as` value and it is preloaded intentionally. @ https://www.youtube.com/watch?v=EWiiqKPyATs:0
[ 1021303ms] [WARNING] The resource https://i.ytimg.com/generate_204 was preloaded using link preload but not used within a few seconds from the window's load event. Please make sure it has an appropriate `as` value and it is preloaded intentionally. @ https://www.youtube.com/watch?v=EWiiqKPyATs:0
[ 1028313ms] [WARNING] The resource https://i.ytimg.com/generate_204 was preloaded using link preload but not used within a few seconds from the window's load event. Please make sure it has an appropriate `as` value and it is preloaded intentionally. @ https://www.youtube.com/watch?v=EWiiqKPyATs:0
[ 1032728ms] [WARNING] The resource https://i.ytimg.com/generate_204 was preloaded using link preload but not used within a few seconds from the window's load event. Please make sure it has an appropriate `as` value and it is preloaded intentionally. @ https://www.youtube.com/watch?v=EWiiqKPyATs:0
[ 1038653ms] [WARNING] The resource https://i.ytimg.com/generate_204 was preloaded using link preload but not used within a few seconds from the window's load event. Please make sure it has an appropriate `as` value and it is preloaded intentionally. @ https://www.youtube.com/watch?v=EWiiqKPyATs:0
[ 1046103ms] [WARNING] The resource https://i.ytimg.com/generate_204 was preloaded using link preload but not used within a few seconds from the window's load event. Please make sure it has an appropriate `as` value and it is preloaded intentionally. @ https://www.youtube.com/watch?v=EWiiqKPyATs:0
[ 1052478ms] [WARNING] The resource https://i.ytimg.com/generate_204 was preloaded using link preload but not used within a few seconds from the window's load event. Please make sure it has an appropriate `as` value and it is preloaded intentionally. @ https://www.youtube.com/watch?v=EWiiqKPyATs:0
[ 1060860ms] [WARNING] The resource https://i.ytimg.com/generate_204 was preloaded using link preload but not used within a few seconds from the window's load event. Please make sure it has an appropriate `as` value and it is preloaded intentionally. @ https://www.youtube.com/watch?v=EWiiqKPyATs:0
[ 1068253ms] [WARNING] The resource https://i.ytimg.com/generate_204 was preloaded using link preload but not used within a few seconds from the window's load event. Please make sure it has an appropriate `as` value and it is preloaded intentionally. @ https://www.youtube.com/watch?v=EWiiqKPyATs:0
[ 1073678ms] [WARNING] The resource https://i.ytimg.com/generate_204 was preloaded using link preload but not used within a few seconds from the window's load event. Please make sure it has an appropriate `as` value and it is preloaded intentionally. @ https://www.youtube.com/watch?v=EWiiqKPyATs:0
[ 1077749ms] [WARNING] The resource https://i.ytimg.com/generate_204 was preloaded using link preload but not used within a few seconds from the window's load event. Please make sure it has an appropriate `as` value and it is preloaded intentionally. @ https://www.youtube.com/watch?v=EWiiqKPyATs:0
[ 1089349ms] [WARNING] The resource https://i.ytimg.com/generate_204 was preloaded using link preload but not used within a few seconds from the window's load event. Please make sure it has an appropriate `as` value and it is preloaded intentionally. @ https://www.youtube.com/watch?v=EWiiqKPyATs:0
[ 1096103ms] [WARNING] The resource https://i.ytimg.com/generate_204 was preloaded using link preload but not used within a few seconds from the window's load event. Please make sure it has an appropriate `as` value and it is preloaded intentionally. @ https://www.youtube.com/watch?v=EWiiqKPyATs:0
[ 1100258ms] [WARNING] The resource https://i.ytimg.com/generate_204 was preloaded using link preload but not used within a few seconds from the window's load event. Please make sure it has an appropriate `as` value and it is preloaded intentionally. @ https://www.youtube.com/watch?v=EWiiqKPyATs:0
[ 1103378ms] [WARNING] The resource https://i.ytimg.com/generate_204 was preloaded using link preload but not used within a few seconds from the window's load event. Please make sure it has an appropriate `as` value and it is preloaded intentionally. @ https://www.youtube.com/watch?v=EWiiqKPyATs:0
[ 1108256ms] [WARNING] The resource https://i.ytimg.com/generate_204 was preloaded using link preload but not used within a few seconds from the window's load event. Please make sure it has an appropriate `as` value and it is preloaded intentionally. @ https://www.youtube.com/watch?v=EWiiqKPyATs:0
[ 1118299ms] [WARNING] The resource https://i.ytimg.com/generate_204 was preloaded using link preload but not used within a few seconds from the window's load event. Please make sure it has an appropriate `as` value and it is preloaded intentionally. @ https://www.youtube.com/watch?v=EWiiqKPyATs:0
[ 1127453ms] [WARNING] The resource https://i.ytimg.com/generate_204 was preloaded using link preload but not used within a few seconds from the window's load event. Please make sure it has an appropriate `as` value and it is preloaded intentionally. @ https://www.youtube.com/watch?v=EWiiqKPyATs:0
[ 1137439ms] [WARNING] The resource https://i.ytimg.com/generate_204 was preloaded using link preload but not used within a few seconds from the window's load event. Please make sure it has an appropriate `as` value and it is preloaded intentionally. @ https://www.youtube.com/watch?v=EWiiqKPyATs:0
[ 1142617ms] [WARNING] The resource https://i.ytimg.com/generate_204 was preloaded using link preload but not used within a few seconds from the window's load event. Please make sure it has an appropriate `as` value and it is preloaded intentionally. @ https://www.youtube.com/watch?v=EWiiqKPyATs:0
[ 1148477ms] [WARNING] The resource https://i.ytimg.com/generate_204 was preloaded using link preload but not used within a few seconds from the window's load event. Please make sure it has an appropriate `as` value and it is preloaded intentionally. @ https://www.youtube.com/watch?v=EWiiqKPyATs:0
[ 1153382ms] [WARNING] The resource https://i.ytimg.com/generate_204 was preloaded using link preload but not used within a few seconds from the window's load event. Please make sure it has an appropriate `as` value and it is preloaded intentionally. @ https://www.youtube.com/watch?v=EWiiqKPyATs:0
[ 1158698ms] [WARNING] The resource https://i.ytimg.com/generate_204 was preloaded using link preload but not used within a few seconds from the window's load event. Please make sure it has an appropriate `as` value and it is preloaded intentionally. @ https://www.youtube.com/watch?v=EWiiqKPyATs:0
[ 1161749ms] [WARNING] The resource https://i.ytimg.com/generate_204 was preloaded using link preload but not used within a few seconds from the window's load event. Please make sure it has an appropriate `as` value and it is preloaded intentionally. @ https://www.youtube.com/watch?v=EWiiqKPyATs:0
[ 1165745ms] [ERROR] Access to XMLHttpRequest at 'https://ad.doubleclick.net/ddm/trackimp/N2652748.279382BIDMANAGER_DFASIT/B36396899.456309440;dc_trk_aid=650611555;dc_trk_cid=263721952;dc_dbm_token=AOjeLNEAAAA8CjQKDAgAFQAAAAAdAAAAABIMCAAVAAAAAB0AAAAAIhQIhZ7yqVqoAq3Z2LcfsALKpsnrA0A7ENrugq8fJb8eE0nzGp45Ufhx-oH5nQ==;ord=1099241165;dc_lat=;dc_rdid=;tag_for_child_directed_treatment=;tfua=;ltd=;dc_tdv=1;dc_rui=1;dc_exteid=1946048651997072791;dc_av=536;dc_sk=0;dc_ctype=87;dc_ref=http://www.youtube.com/video/EWiiqKPyATs;dc_eps=AHas8cCRWBKsJ_zAL6Swz_IWGxdIsaDNgxEvTXNHwA3glB-utZ8-rBDsbtfvT8LgzqERIqc5VcfQhN2dED-hkA;dc_pubid=2;dc_btype=23;dc_ext_key=Cj0KCQjwlNPVBhCMARIsAPZ5RqjauHJDsc3jG55jHtKwzI1efjeRn1HmcRlFf57kqFPc3JuOQjWslfoaAjIFEALw_wcB?ase=2&nis=6' from origin 'https://www.youtube.com' has been blocked by CORS policy: No 'Access-Control-Allow-Origin' header is present on the requested resource. @ https://www.youtube.com/watch?v=EWiiqKPyATs:0
[ 1165745ms] [ERROR] Failed to load resource: net::ERR_FAILED @ https://ad.doubleclick.net/ddm/trackimp/N2652748.279382BIDMANAGER_DFASIT/B36396899.456309440;dc_trk_aid=650611555;dc_trk_cid=263721952;dc_dbm_token=AOjeLNEAAAA8CjQKDAgAFQAAAAAdAAAAABIMCAAVAAAAAB0AAAAAIhQIhZ7yqVqoAq3Z2LcfsALKpsnrA0A7ENrugq8fJb8eE0nzGp45Ufhx-oH5nQ==;ord=1099241165;dc_lat=;dc_rdid=;tag_for_child_directed_treatment=;tfua=;ltd=;dc_tdv=1;dc_rui=1;dc_exteid=1946048651997072791;dc_av=536;dc_sk=0;dc_ctype=87;dc_ref=http://www.youtube.com/video/EWiiqKPyATs;dc_eps=AHas8cCRWBKsJ_zAL6Swz_IWGxdIsaDNgxEvTXNHwA3glB-utZ8-rBDsbtfvT8LgzqERIqc5VcfQhN2dED-hkA;dc_pubid=2;dc_btype=23;dc_ext_key=Cj0KCQjwlNPVBhCMARIsAPZ5RqjauHJDsc3jG55jHtKwzI1efjeRn1HmcRlFf57kqFPc3JuOQjWslfoaAjIFEALw_wcB?ase=2&nis=6:0
[ 1173903ms] [WARNING] The resource https://i.ytimg.com/generate_204 was preloaded using link preload but not used within a few seconds from the window's load event. Please make sure it has an appropriate `as` value and it is preloaded intentionally. @ https://www.youtube.com/watch?v=EWiiqKPyATs:0
[ 1179128ms] [WARNING] The resource https://i.ytimg.com/generate_204 was preloaded using link preload but not used within a few seconds from the window's load event. Please make sure it has an appropriate `as` value and it is preloaded intentionally. @ https://www.youtube.com/watch?v=EWiiqKPyATs:0
[ 1183903ms] [WARNING] The resource https://i.ytimg.com/generate_204 was preloaded using link preload but not used within a few seconds from the window's load event. Please make sure it has an appropriate `as` value and it is preloaded intentionally. @ https://www.youtube.com/watch?v=EWiiqKPyATs:0
[ 1198261ms] [WARNING] The resource https://i.ytimg.com/generate_204 was preloaded using link preload but not used within a few seconds from the window's load event. Please make sure it has an appropriate `as` value and it is preloaded intentionally. @ https://www.youtube.com/watch?v=EWiiqKPyATs:0
[ 1202590ms] [WARNING] The resource https://i.ytimg.com/generate_204 was preloaded using link preload but not used within a few seconds from the window's load event. Please make sure it has an appropriate `as` value and it is preloaded intentionally. @ https://www.youtube.com/watch?v=EWiiqKPyATs:0
[ 1208184ms] [WARNING] The resource https://i.ytimg.com/generate_204 was preloaded using link preload but not used within a few seconds from the window's load event. Please make sure it has an appropriate `as` value and it is preloaded intentionally. @ https://www.youtube.com/watch?v=EWiiqKPyATs:0
[ 1215550ms] [WARNING] The resource https://i.ytimg.com/generate_204 was preloaded using link preload but not used within a few seconds from the window's load event. Please make sure it has an appropriate `as` value and it is preloaded intentionally. @ https://www.youtube.com/watch?v=EWiiqKPyATs:0
[ 1220653ms] [WARNING] The resource https://i.ytimg.com/generate_204 was preloaded using link preload but not used within a few seconds from the window's load event. Please make sure it has an appropriate `as` value and it is preloaded intentionally. @ https://www.youtube.com/watch?v=EWiiqKPyATs:0
[ 1231203ms] [WARNING] The resource https://i.ytimg.com/generate_204 was preloaded using link preload but not used within a few seconds from the window's load event. Please make sure it has an appropriate `as` value and it is preloaded intentionally. @ https://www.youtube.com/watch?v=EWiiqKPyATs:0
[ 1236428ms] [WARNING] The resource https://i.ytimg.com/generate_204 was preloaded using link preload but not used within a few seconds from the window's load event. Please make sure it has an appropriate `as` value and it is preloaded intentionally. @ https://www.youtube.com/watch?v=EWiiqKPyATs:0
[ 1241428ms] [WARNING] The resource https://i.ytimg.com/generate_204 was preloaded using link preload but not used within a few seconds from the window's load event. Please make sure it has an appropriate `as` value and it is preloaded intentionally. @ https://www.youtube.com/watch?v=EWiiqKPyATs:0
[ 1244900ms] [WARNING] The resource https://i.ytimg.com/generate_204 was preloaded using link preload but not used within a few seconds from the window's load event. Please make sure it has an appropriate `as` value and it is preloaded intentionally. @ https://www.youtube.com/watch?v=EWiiqKPyATs:0
[ 1249228ms] [WARNING] The resource https://i.ytimg.com/generate_204 was preloaded using link preload but not used within a few seconds from the window's load event. Please make sure it has an appropriate `as` value and it is preloaded intentionally. @ https://www.youtube.com/watch?v=EWiiqKPyATs:0
[ 1259053ms] [WARNING] The resource https://i.ytimg.com/generate_204 was preloaded using link preload but not used within a few seconds from the window's load event. Please make sure it has an appropriate `as` value and it is preloaded intentionally. @ https://www.youtube.com/watch?v=EWiiqKPyATs:0
[ 1263274ms] [WARNING] The resource https://i.ytimg.com/generate_204 was preloaded using link preload but not used within a few seconds from the window's load event. Please make sure it has an appropriate `as` value and it is preloaded intentionally. @ https://www.youtube.com/watch?v=EWiiqKPyATs:0
[ 1267753ms] [WARNING] The resource https://i.ytimg.com/generate_204 was preloaded using link preload but not used within a few seconds from the window's load event. Please make sure it has an appropriate `as` value and it is preloaded intentionally. @ https://www.youtube.com/watch?v=EWiiqKPyATs:0
[ 1276253ms] [WARNING] The resource https://i.ytimg.com/generate_204 was preloaded using link preload but not used within a few seconds from the window's load event. Please make sure it has an appropriate `as` value and it is preloaded intentionally. @ https://www.youtube.com/watch?v=EWiiqKPyATs:0
[ 1280428ms] [WARNING] The resource https://i.ytimg.com/generate_204 was preloaded using link preload but not used within a few seconds from the window's load event. Please make sure it has an appropriate `as` value and it is preloaded intentionally. @ https://www.youtube.com/watch?v=EWiiqKPyATs:0
[ 1286508ms] [WARNING] The resource https://i.ytimg.com/generate_204 was preloaded using link preload but not used within a few seconds from the window's load event. Please make sure it has an appropriate `as` value and it is preloaded intentionally. @ https://www.youtube.com/watch?v=EWiiqKPyATs:0
[ 1294837ms] [WARNING] The resource https://i.ytimg.com/generate_204 was preloaded using link preload but not used within a few seconds from the window's load event. Please make sure it has an appropriate `as` value and it is preloaded intentionally. @ https://www.youtube.com/watch?v=EWiiqKPyATs:0
[ 1302079ms] [WARNING] The resource https://i.ytimg.com/generate_204 was preloaded using link preload but not used within a few seconds from the window's load event. Please make sure it has an appropriate `as` value and it is preloaded intentionally. @ https://www.youtube.com/watch?v=EWiiqKPyATs:0
[ 1308532ms] [WARNING] The resource https://i.ytimg.com/generate_204 was preloaded using link preload but not used within a few seconds from the window's load event. Please make sure it has an appropriate `as` value and it is preloaded intentionally. @ https://www.youtube.com/watch?v=EWiiqKPyATs:0
[ 1316257ms] [WARNING] The resource https://i.ytimg.com/generate_204 was preloaded using link preload but not used within a few seconds from the window's load event. Please make sure it has an appropriate `as` value and it is preloaded intentionally. @ https://www.youtube.com/watch?v=EWiiqKPyATs:0
[ 1322307ms] [WARNING] The resource https://i.ytimg.com/generate_204 was preloaded using link preload but not used within a few seconds from the window's load event. Please make sure it has an appropriate `as` value and it is preloaded intentionally. @ https://www.youtube.com/watch?v=EWiiqKPyATs:0
[ 1331828ms] [WARNING] The resource https://i.ytimg.com/generate_204 was preloaded using link preload but not used within a few seconds from the window's load event. Please make sure it has an appropriate `as` value and it is preloaded intentionally. @ https://www.youtube.com/watch?v=EWiiqKPyATs:0
[ 1339650ms] [WARNING] The resource https://i.ytimg.com/generate_204 was preloaded using link preload but not used within a few seconds from the window's load event. Please make sure it has an appropriate `as` value and it is preloaded intentionally. @ https://www.youtube.com/watch?v=EWiiqKPyATs:0
[ 1344304ms] [WARNING] The resource https://i.ytimg.com/generate_204 was preloaded using link preload but not used within a few seconds from the window's load event. Please make sure it has an appropriate `as` value and it is preloaded intentionally. @ https://www.youtube.com/watch?v=EWiiqKPyATs:0
[ 1348478ms] [WARNING] The resource https://i.ytimg.com/generate_204 was preloaded using link preload but not used within a few seconds from the window's load event. Please make sure it has an appropriate `as` value and it is preloaded intentionally. @ https://www.youtube.com/watch?v=EWiiqKPyATs:0
[ 1358257ms] [WARNING] The resource https://i.ytimg.com/generate_204 was preloaded using link preload but not used within a few seconds from the window's load event. Please make sure it has an appropriate `as` value and it is preloaded intentionally. @ https://www.youtube.com/watch?v=EWiiqKPyATs:0
[ 1362053ms] [WARNING] The resource https://i.ytimg.com/generate_204 was preloaded using link preload but not used within a few seconds from the window's load event. Please make sure it has an appropriate `as` value and it is preloaded intentionally. @ https://www.youtube.com/watch?v=EWiiqKPyATs:0
[ 1367153ms] [WARNING] The resource https://i.ytimg.com/generate_204 was preloaded using link preload but not used within a few seconds from the window's load event. Please make sure it has an appropriate `as` value and it is preloaded intentionally. @ https://www.youtube.com/watch?v=EWiiqKPyATs:0
[ 1372528ms] [WARNING] The resource https://i.ytimg.com/generate_204 was preloaded using link preload but not used within a few seconds from the window's load event. Please make sure it has an appropriate `as` value and it is preloaded intentionally. @ https://www.youtube.com/watch?v=EWiiqKPyATs:0
[ 1378324ms] [WARNING] The resource https://i.ytimg.com/generate_204 was preloaded using link preload but not used within a few seconds from the window's load event. Please make sure it has an appropriate `as` value and it is preloaded intentionally. @ https://www.youtube.com/watch?v=EWiiqKPyATs:0
[ 1381803ms] [WARNING] The resource https://i.ytimg.com/generate_204 was preloaded using link preload but not used within a few seconds from the window's load event. Please make sure it has an appropriate `as` value and it is preloaded intentionally. @ https://www.youtube.com/watch?v=EWiiqKPyATs:0
[ 1388316ms] [WARNING] The resource https://i.ytimg.com/generate_204 was preloaded using link preload but not used within a few seconds from the window's load event. Please make sure it has an appropriate `as` value and it is preloaded intentionally. @ https://www.youtube.com/watch?v=EWiiqKPyATs:0
[ 1392637ms] [WARNING] The resource https://i.ytimg.com/generate_204 was preloaded using link preload but not used within a few seconds from the window's load event. Please make sure it has an appropriate `as` value and it is preloaded intentionally. @ https://www.youtube.com/watch?v=EWiiqKPyATs:0
[ 1397209ms] [WARNING] The resource https://i.ytimg.com/generate_204 was preloaded using link preload but not used within a few seconds from the window's load event. Please make sure it has an appropriate `as` value and it is preloaded intentionally. @ https://www.youtube.com/watch?v=EWiiqKPyATs:0
[ 1401049ms] [WARNING] The resource https://i.ytimg.com/generate_204 was preloaded using link preload but not used within a few seconds from the window's load event. Please make sure it has an appropriate `as` value and it is preloaded intentionally. @ https://www.youtube.com/watch?v=EWiiqKPyATs:0
[ 1408584ms] [WARNING] The resource https://i.ytimg.com/generate_204 was preloaded using link preload but not used within a few seconds from the window's load event. Please make sure it has an appropriate `as` value and it is preloaded intentionally. @ https://www.youtube.com/watch?v=EWiiqKPyATs:0
[ 1413003ms] [WARNING] The resource https://i.ytimg.com/generate_204 was preloaded using link preload but not used within a few seconds from the window's load event. Please make sure it has an appropriate `as` value and it is preloaded intentionally. @ https://www.youtube.com/watch?v=EWiiqKPyATs:0
[ 1418257ms] [WARNING] The resource https://i.ytimg.com/generate_204 was preloaded using link preload but not used within a few seconds from the window's load event. Please make sure it has an appropriate `as` value and it is preloaded intentionally. @ https://www.youtube.com/watch?v=EWiiqKPyATs:0
[ 1422203ms] [WARNING] The resource https://i.ytimg.com/generate_204 was preloaded using link preload but not used within a few seconds from the window's load event. Please make sure it has an appropriate `as` value and it is preloaded intentionally. @ https://www.youtube.com/watch?v=EWiiqKPyATs:0
[ 1432863ms] [WARNING] The resource https://i.ytimg.com/generate_204 was preloaded using link preload but not used within a few seconds from the window's load event. Please make sure it has an appropriate `as` value and it is preloaded intentionally. @ https://www.youtube.com/watch?v=EWiiqKPyATs:0
[ 1438328ms] [WARNING] The resource https://i.ytimg.com/generate_204 was preloaded using link preload but not used within a few seconds from the window's load event. Please make sure it has an appropriate `as` value and it is preloaded intentionally. @ https://www.youtube.com/watch?v=EWiiqKPyATs:0
[ 1442611ms] [WARNING] The resource https://i.ytimg.com/generate_204 was preloaded using link preload but not used within a few seconds from the window's load event. Please make sure it has an appropriate `as` value and it is preloaded intentionally. @ https://www.youtube.com/watch?v=EWiiqKPyATs:0
[ 1448256ms] [WARNING] The resource https://i.ytimg.com/generate_204 was preloaded using link preload but not used within a few seconds from the window's load event. Please make sure it has an appropriate `as` value and it is preloaded intentionally. @ https://www.youtube.com/watch?v=EWiiqKPyATs:0
[ 1452129ms] [WARNING] The resource https://i.ytimg.com/generate_204 was preloaded using link preload but not used within a few seconds from the window's load event. Please make sure it has an appropriate `as` value and it is preloaded intentionally. @ https://www.youtube.com/watch?v=EWiiqKPyATs:0
[ 1456258ms] [WARNING] The resource https://i.ytimg.com/generate_204 was preloaded using link preload but not used within a few seconds from the window's load event. Please make sure it has an appropriate `as` value and it is preloaded intentionally. @ https://www.youtube.com/watch?v=EWiiqKPyATs:0
[ 1462865ms] [WARNING] The resource https://i.ytimg.com/generate_204 was preloaded using link preload but not used within a few seconds from the window's load event. Please make sure it has an appropriate `as` value and it is preloaded intentionally. @ https://www.youtube.com/watch?v=EWiiqKPyATs:0
[ 1466925ms] [WARNING] The resource https://i.ytimg.com/generate_204 was preloaded using link preload but not used within a few seconds from the window's load event. Please make sure it has an appropriate `as` value and it is preloaded intentionally. @ https://www.youtube.com/watch?v=EWiiqKPyATs:0
[ 1472079ms] [WARNING] The resource https://i.ytimg.com/generate_204 was preloaded using link preload but not used within a few seconds from the window's load event. Please make sure it has an appropriate `as` value and it is preloaded intentionally. @ https://www.youtube.com/watch?v=EWiiqKPyATs:0
[ 1476254ms] [WARNING] The resource https://i.ytimg.com/generate_204 was preloaded using link preload but not used within a few seconds from the window's load event. Please make sure it has an appropriate `as` value and it is preloaded intentionally. @ https://www.youtube.com/watch?v=EWiiqKPyATs:0
[ 1479279ms] [WARNING] The resource https://i.ytimg.com/generate_204 was preloaded using link preload but not used within a few seconds from the window's load event. Please make sure it has an appropriate `as` value and it is preloaded intentionally. @ https://www.youtube.com/watch?v=EWiiqKPyATs:0
[ 1482778ms] [WARNING] The resource https://i.ytimg.com/generate_204 was preloaded using link preload but not used within a few seconds from the window's load event. Please make sure it has an appropriate `as` value and it is preloaded intentionally. @ https://www.youtube.com/watch?v=EWiiqKPyATs:0
[ 1490603ms] [WARNING] The resource https://i.ytimg.com/generate_204 was preloaded using link preload but not used within a few seconds from the window's load event. Please make sure it has an appropriate `as` value and it is preloaded intentionally. @ https://www.youtube.com/watch?v=EWiiqKPyATs:0
[ 1495229ms] [WARNING] The resource https://i.ytimg.com/generate_204 was preloaded using link preload but not used within a few seconds from the window's load event. Please make sure it has an appropriate `as` value and it is preloaded intentionally. @ https://www.youtube.com/watch?v=EWiiqKPyATs:0
[ 1499658ms] [WARNING] The resource https://i.ytimg.com/generate_204 was preloaded using link preload but not used within a few seconds from the window's load event. Please make sure it has an appropriate `as` value and it is preloaded intentionally. @ https://www.youtube.com/watch?v=EWiiqKPyATs:0
[ 1510453ms] [WARNING] The resource https://i.ytimg.com/generate_204 was preloaded using link preload but not used within a few seconds from the window's load event. Please make sure it has an appropriate `as` value and it is preloaded intentionally. @ https://www.youtube.com/watch?v=EWiiqKPyATs:0
[ 1521564ms] [WARNING] The resource https://i.ytimg.com/generate_204 was preloaded using link preload but not used within a few seconds from the window's load event. Please make sure it has an appropriate `as` value and it is preloaded intentionally. @ https://www.youtube.com/watch?v=EWiiqKPyATs:0
[ 1529258ms] [WARNING] The resource https://i.ytimg.com/generate_204 was preloaded using link preload but not used within a few seconds from the window's load event. Please make sure it has an appropriate `as` value and it is preloaded intentionally. @ https://www.youtube.com/watch?v=EWiiqKPyATs:0
[ 1534034ms] [WARNING] The resource https://i.ytimg.com/generate_204 was preloaded using link preload but not used within a few seconds from the window's load event. Please make sure it has an appropriate `as` value and it is preloaded intentionally. @ https://www.youtube.com/watch?v=EWiiqKPyATs:0
[ 1539099ms] [WARNING] The resource https://i.ytimg.com/generate_204 was preloaded using link preload but not used within a few seconds from the window's load event. Please make sure it has an appropriate `as` value and it is preloaded intentionally. @ https://www.youtube.com/watch?v=EWiiqKPyATs:0
[ 1544494ms] [WARNING] The resource https://i.ytimg.com/generate_204 was preloaded using link preload but not used within a few seconds from the window's load event. Please make sure it has an appropriate `as` value and it is preloaded intentionally. @ https://www.youtube.com/watch?v=EWiiqKPyATs:0
[ 1548691ms] [WARNING] The resource https://i.ytimg.com/generate_204 was preloaded using link preload but not used within a few seconds from the window's load event. Please make sure it has an appropriate `as` value and it is preloaded intentionally. @ https://www.youtube.com/watch?v=EWiiqKPyATs:0
[ 1557838ms] [WARNING] The resource https://i.ytimg.com/generate_204 was preloaded using link preload but not used within a few seconds from the window's load event. Please make sure it has an appropriate `as` value and it is preloaded intentionally. @ https://www.youtube.com/watch?v=EWiiqKPyATs:0
[ 1562713ms] [WARNING] The resource https://i.ytimg.com/generate_204 was preloaded using link preload but not used within a few seconds from the window's load event. Please make sure it has an appropriate `as` value and it is preloaded intentionally. @ https://www.youtube.com/watch?v=EWiiqKPyATs:0
[ 1569270ms] [WARNING] The resource https://i.ytimg.com/generate_204 was preloaded using link preload but not used within a few seconds from the window's load event. Please make sure it has an appropriate `as` value and it is preloaded intentionally. @ https://www.youtube.com/watch?v=EWiiqKPyATs:0
[ 1572943ms] [WARNING] The resource https://i.ytimg.com/generate_204 was preloaded using link preload but not used within a few seconds from the window's load event. Please make sure it has an appropriate `as` value and it is preloaded intentionally. @ https://www.youtube.com/watch?v=EWiiqKPyATs:0
[ 1578500ms] [WARNING] The resource https://i.ytimg.com/generate_204 was preloaded using link preload but not used within a few seconds from the window's load event. Please make sure it has an appropriate `as` value and it is preloaded intentionally. @ https://www.youtube.com/watch?v=EWiiqKPyATs:0
[ 1585420ms] [WARNING] The resource https://i.ytimg.com/generate_204 was preloaded using link preload but not used within a few seconds from the window's load event. Please make sure it has an appropriate `as` value and it is preloaded intentionally. @ https://www.youtube.com/watch?v=EWiiqKPyATs:0
[ 1589139ms] [WARNING] The resource https://i.ytimg.com/generate_204 was preloaded using link preload but not used within a few seconds from the window's load event. Please make sure it has an appropriate `as` value and it is preloaded intentionally. @ https://www.youtube.com/watch?v=EWiiqKPyATs:0
[ 1592250ms] [WARNING] The resource https://i.ytimg.com/generate_204 was preloaded using link preload but not used within a few seconds from the window's load event. Please make sure it has an appropriate `as` value and it is preloaded intentionally. @ https://www.youtube.com/watch?v=EWiiqKPyATs:0
[ 1598267ms] [WARNING] The resource https://i.ytimg.com/generate_204 was preloaded using link preload but not used within a few seconds from the window's load event. Please make sure it has an appropriate `as` value and it is preloaded intentionally. @ https://www.youtube.com/watch?v=EWiiqKPyATs:0
[ 1609940ms] [WARNING] The resource https://i.ytimg.com/generate_204 was preloaded using link preload but not used within a few seconds from the window's load event. Please make sure it has an appropriate `as` value and it is preloaded intentionally. @ https://www.youtube.com/watch?v=EWiiqKPyATs:0
[ 1616279ms] [WARNING] The resource https://i.ytimg.com/generate_204 was preloaded using link preload but not used within a few seconds from the window's load event. Please make sure it has an appropriate `as` value and it is preloaded intentionally. @ https://www.youtube.com/watch?v=EWiiqKPyATs:0
[ 1621186ms] [WARNING] The resource https://i.ytimg.com/generate_204 was preloaded using link preload but not used within a few seconds from the window's load event. Please make sure it has an appropriate `as` value and it is preloaded intentionally. @ https://www.youtube.com/watch?v=EWiiqKPyATs:0
[ 1628269ms] [WARNING] The resource https://i.ytimg.com/generate_204 was preloaded using link preload but not used within a few seconds from the window's load event. Please make sure it has an appropriate `as` value and it is preloaded intentionally. @ https://www.youtube.com/watch?v=EWiiqKPyATs:0
[ 1634386ms] [WARNING] The resource https://i.ytimg.com/generate_204 was preloaded using link preload but not used within a few seconds from the window's load event. Please make sure it has an appropriate `as` value and it is preloaded intentionally. @ https://www.youtube.com/watch?v=EWiiqKPyATs:0
[ 1638726ms] [WARNING] The resource https://i.ytimg.com/generate_204 was preloaded using link preload but not used within a few seconds from the window's load event. Please make sure it has an appropriate `as` value and it is preloaded intentionally. @ https://www.youtube.com/watch?v=EWiiqKPyATs:0
[ 1642790ms] [WARNING] The resource https://i.ytimg.com/generate_204 was preloaded using link preload but not used within a few seconds from the window's load event. Please make sure it has an appropriate `as` value and it is preloaded intentionally. @ https://www.youtube.com/watch?v=EWiiqKPyATs:0
[ 1651190ms] [WARNING] The resource https://i.ytimg.com/generate_204 was preloaded using link preload but not used within a few seconds from the window's load event. Please make sure it has an appropriate `as` value and it is preloaded intentionally. @ https://www.youtube.com/watch?v=EWiiqKPyATs:0
[ 1660886ms] [WARNING] The resource https://i.ytimg.com/generate_204 was preloaded using link preload but not used within a few seconds from the window's load event. Please make sure it has an appropriate `as` value and it is preloaded intentionally. @ https://www.youtube.com/watch?v=EWiiqKPyATs:0
[ 1665564ms] [WARNING] The resource https://i.ytimg.com/generate_204 was preloaded using link preload but not used within a few seconds from the window's load event. Please make sure it has an appropriate `as` value and it is preloaded intentionally. @ https://www.youtube.com/watch?v=EWiiqKPyATs:0
[ 1671036ms] [WARNING] The resource https://i.ytimg.com/generate_204 was preloaded using link preload but not used within a few seconds from the window's load event. Please make sure it has an appropriate `as` value and it is preloaded intentionally. @ https://www.youtube.com/watch?v=EWiiqKPyATs:0
[ 1679201ms] [WARNING] The resource https://i.ytimg.com/generate_204 was preloaded using link preload but not used within a few seconds from the window's load event. Please make sure it has an appropriate `as` value and it is preloaded intentionally. @ https://www.youtube.com/watch?v=EWiiqKPyATs:0
[ 1683199ms] [WARNING] The resource https://i.ytimg.com/generate_204 was preloaded using link preload but not used within a few seconds from the window's load event. Please make sure it has an appropriate `as` value and it is preloaded intentionally. @ https://www.youtube.com/watch?v=EWiiqKPyATs:0
[ 1690597ms] [WARNING] The resource https://i.ytimg.com/generate_204 was preloaded using link preload but not used within a few seconds from the window's load event. Please make sure it has an appropriate `as` value and it is preloaded intentionally. @ https://www.youtube.com/watch?v=EWiiqKPyATs:0
[ 1695226ms] [WARNING] The resource https://i.ytimg.com/generate_204 was preloaded using link preload but not used within a few seconds from the window's load event. Please make sure it has an appropriate `as` value and it is preloaded intentionally. @ https://www.youtube.com/watch?v=EWiiqKPyATs:0
[ 1698564ms] [WARNING] The resource https://i.ytimg.com/generate_204 was preloaded using link preload but not used within a few seconds from the window's load event. Please make sure it has an appropriate `as` value and it is preloaded intentionally. @ https://www.youtube.com/watch?v=EWiiqKPyATs:0
[ 1702189ms] [WARNING] The resource https://i.ytimg.com/generate_204 was preloaded using link preload but not used within a few seconds from the window's load event. Please make sure it has an appropriate `as` value and it is preloaded intentionally. @ https://www.youtube.com/watch?v=EWiiqKPyATs:0
[ 1708401ms] [WARNING] The resource https://i.ytimg.com/generate_204 was preloaded using link preload but not used within a few seconds from the window's load event. Please make sure it has an appropriate `as` value and it is preloaded intentionally. @ https://www.youtube.com/watch?v=EWiiqKPyATs:0
[ 1712939ms] [WARNING] The resource https://i.ytimg.com/generate_204 was preloaded using link preload but not used within a few seconds from the window's load event. Please make sure it has an appropriate `as` value and it is preloaded intentionally. @ https://www.youtube.com/watch?v=EWiiqKPyATs:0
[ 1716145ms] [WARNING] The resource https://i.ytimg.com/generate_204 was preloaded using link preload but not used within a few seconds from the window's load event. Please make sure it has an appropriate `as` value and it is preloaded intentionally. @ https://www.youtube.com/watch?v=EWiiqKPyATs:0
[ 1720641ms] [WARNING] The resource https://i.ytimg.com/generate_204 was preloaded using link preload but not used within a few seconds from the window's load event. Please make sure it has an appropriate `as` value and it is preloaded intentionally. @ https://www.youtube.com/watch?v=EWiiqKPyATs:0
[ 1724840ms] [WARNING] The resource https://i.ytimg.com/generate_204 was preloaded using link preload but not used within a few seconds from the window's load event. Please make sure it has an appropriate `as` value and it is preloaded intentionally. @ https://www.youtube.com/watch?v=EWiiqKPyATs:0
[ 1734065ms] [WARNING] The resource https://i.ytimg.com/generate_204 was preloaded using link preload but not used within a few seconds from the window's load event. Please make sure it has an appropriate `as` value and it is preloaded intentionally. @ https://www.youtube.com/watch?v=EWiiqKPyATs:0
[ 1740819ms] [WARNING] The resource https://i.ytimg.com/generate_204 was preloaded using link preload but not used within a few seconds from the window's load event. Please make sure it has an appropriate `as` value and it is preloaded intentionally. @ https://www.youtube.com/watch?v=EWiiqKPyATs:0
[ 1744701ms] [WARNING] The resource https://i.ytimg.com/generate_204 was preloaded using link preload but not used within a few seconds from the window's load event. Please make sure it has an appropriate `as` value and it is preloaded intentionally. @ https://www.youtube.com/watch?v=EWiiqKPyATs:0
[ 1748292ms] [WARNING] The resource https://i.ytimg.com/generate_204 was preloaded using link preload but not used within a few seconds from the window's load event. Please make sure it has an appropriate `as` value and it is preloaded intentionally. @ https://www.youtube.com/watch?v=EWiiqKPyATs:0
[ 1752626ms] [WARNING] The resource https://i.ytimg.com/generate_204 was preloaded using link preload but not used within a few seconds from the window's load event. Please make sure it has an appropriate `as` value and it is preloaded intentionally. @ https://www.youtube.com/watch?v=EWiiqKPyATs:0
[ 1757989ms] [WARNING] The resource https://i.ytimg.com/generate_204 was preloaded using link preload but not used within a few seconds from the window's load event. Please make sure it has an appropriate `as` value and it is preloaded intentionally. @ https://www.youtube.com/watch?v=EWiiqKPyATs:0
[ 1762868ms] [WARNING] The resource https://i.ytimg.com/generate_204 was preloaded using link preload but not used within a few seconds from the window's load event. Please make sure it has an appropriate `as` value and it is preloaded intentionally. @ https://www.youtube.com/watch?v=EWiiqKPyATs:0
[ 1773111ms] [WARNING] The resource https://i.ytimg.com/generate_204 was preloaded using link preload but not used within a few seconds from the window's load event. Please make sure it has an appropriate `as` value and it is preloaded intentionally. @ https://www.youtube.com/watch?v=EWiiqKPyATs:0
[ 1778290ms] [WARNING] The resource https://i.ytimg.com/generate_204 was preloaded using link preload but not used within a few seconds from the window's load event. Please make sure it has an appropriate `as` value and it is preloaded intentionally. @ https://www.youtube.com/watch?v=EWiiqKPyATs:0
[ 1802140ms] [WARNING] The resource https://i.ytimg.com/generate_204 was preloaded using link preload but not used within a few seconds from the window's load event. Please make sure it has an appropriate `as` value and it is preloaded intentionally. @ https://www.youtube.com/watch?v=EWiiqKPyATs:0
[ 1812564ms] [WARNING] The resource https://i.ytimg.com/generate_204 was preloaded using link preload but not used within a few seconds from the window's load event. Please make sure it has an appropriate `as` value and it is preloaded intentionally. @ https://www.youtube.com/watch?v=EWiiqKPyATs:0
[ 1816487ms] [WARNING] The resource https://i.ytimg.com/generate_204 was preloaded using link preload but not used within a few seconds from the window's load event. Please make sure it has an appropriate `as` value and it is preloaded intentionally. @ https://www.youtube.com/watch?v=EWiiqKPyATs:0
[ 1821665ms] [WARNING] The resource https://i.ytimg.com/generate_204 was preloaded using link preload but not used within a few seconds from the window's load event. Please make sure it has an appropriate `as` value and it is preloaded intentionally. @ https://www.youtube.com/watch?v=EWiiqKPyATs:0
[ 1828271ms] [WARNING] The resource https://i.ytimg.com/generate_204 was preloaded using link preload but not used within a few seconds from the window's load event. Please make sure it has an appropriate `as` value and it is preloaded intentionally. @ https://www.youtube.com/watch?v=EWiiqKPyATs:0
[ 1864118ms] [WARNING] The resource https://i.ytimg.com/generate_204 was preloaded using link preload but not used within a few seconds from the window's load event. Please make sure it has an appropriate `as` value and it is preloaded intentionally. @ https://www.youtube.com/watch?v=EWiiqKPyATs:0
[ 1871257ms] [ERROR] Access to XMLHttpRequest at 'https://ad.doubleclick.net/ddm/trackimp/N1224954.3735871RIOTYOUTUBE/B25827587.430301465;dc_pre=COzEwaeKh5cDFSHbOAYd-JcPHQ;dc_trk_aid=589719713;dc_trk_cid=217796420;ord=3416254345;dc_lat=;dc_rdid=;tag_for_child_directed_treatment=;tfua=;gdpr=$%7BGDPR%7D;gdpr_consent=$%7BGDPR_CONSENT_755%7D;ltd=;dc_tdv=1;dc_transparent=1;;dc_rui=1;dc_exteid=16793531910254130894;dc_av=536;dc_sk=1;dc_ctype=161;dc_ref=http://www.youtube.com/video/EWiiqKPyATs;dc_eps=AHas8cCe5C5zNBoUXqznfHXRl5mNJwHFfVP6slHdknf31tpMhnMuIYyK04y75TowpxTsgehTBW5wgMcSSLx2SQ;dc_pubid=2;dc_btype=23?gclid=Cj0KCQjwlNPVBhCMARIsAPZ5RqiF2keiH524itlJL8AOe7CeUD9_02ZMP0YjIid1O_a7XlcK4QDo2jAaAsPzEALw_wcB&ase=2&nis=6' (redirected from 'https://ad.doubleclick.net/ddm/trackimp/N1224954.3735871RIOTYOUTUBE/B25827587.430301465;dc_trk_aid=589719713;dc_trk_cid=217796420;ord=3416254345;dc_lat=;dc_rdid=;tag_for_child_directed_treatment=;tfua=;gdpr=$%7BGDPR%7D;gdpr_consent=$%7BGDPR_CONSENT_755%7D;ltd=;dc_tdv=1;dc_transparent=1;;dc_rui=1;dc_exteid=16793531910254130894;dc_av=536;dc_sk=1;dc_ctype=161;dc_ref=http://www.youtube.com/video/EWiiqKPyATs;dc_eps=AHas8cCe5C5zNBoUXqznfHXRl5mNJwHFfVP6slHdknf31tpMhnMuIYyK04y75TowpxTsgehTBW5wgMcSSLx2SQ;dc_pubid=2;dc_btype=23?gclid=Cj0KCQjwlNPVBhCMARIsAPZ5RqiF2keiH524itlJL8AOe7CeUD9_02ZMP0YjIid1O_a7XlcK4QDo2jAaAsPzEALw_wcB&ase=2&nis=6') from origin 'https://www.youtube.com' has been blocked by CORS policy: No 'Access-Control-Allow-Origin' header is present on the requested resource. @ https://www.youtube.com/watch?v=EWiiqKPyATs:0
[ 1871257ms] [ERROR] Failed to load resource: net::ERR_FAILED @ https://ad.doubleclick.net/ddm/trackimp/N1224954.3735871RIOTYOUTUBE/B25827587.430301465;dc_pre=COzEwaeKh5cDFSHbOAYd-JcPHQ;dc_trk_aid=589719713;dc_trk_cid=217796420;ord=3416254345;dc_lat=;dc_rdid=;tag_for_child_directed_treatment=;tfua=;gdpr=$%7BGDPR%7D;gdpr_consent=$%7BGDPR_CONSENT_755%7D;ltd=;dc_tdv=1;dc_transparent=1;;dc_rui=1;dc_exteid=16793531910254130894;dc_av=536;dc_sk=1;dc_ctype=161;dc_ref=http://www.youtube.com/video/EWiiqKPyATs;dc_eps=AHas8cCe5C5zNBoUXqznfHXRl5mNJwHFfVP6slHdknf31tpMhnMuIYyK04y75TowpxTsgehTBW5wgMcSSLx2SQ;dc_pubid=2;dc_btype=23?gclid=Cj0KCQjwlNPVBhCMARIsAPZ5RqiF2keiH524itlJL8AOe7CeUD9_02ZMP0YjIid1O_a7XlcK4QDo2jAaAsPzEALw_wcB&ase=2&nis=6:0
[ 1882468ms] [WARNING] The resource https://i.ytimg.com/generate_204 was preloaded using link preload but not used within a few seconds from the window's load event. Please make sure it has an appropriate `as` value and it is preloaded intentionally. @ https://www.youtube.com/watch?v=EWiiqKPyATs:0
[ 1890114ms] [WARNING] The resource https://i.ytimg.com/generate_204 was preloaded using link preload but not used within a few seconds from the window's load event. Please make sure it has an appropriate `as` value and it is preloaded intentionally. @ https://www.youtube.com/watch?v=EWiiqKPyATs:0
[ 1895465ms] [WARNING] The resource https://i.ytimg.com/generate_204 was preloaded using link preload but not used within a few seconds from the window's load event. Please make sure it has an appropriate `as` value and it is preloaded intentionally. @ https://www.youtube.com/watch?v=EWiiqKPyATs:0
[ 1901615ms] [WARNING] The resource https://i.ytimg.com/generate_204 was preloaded using link preload but not used within a few seconds from the window's load event. Please make sure it has an appropriate `as` value and it is preloaded intentionally. @ https://www.youtube.com/watch?v=EWiiqKPyATs:0
[ 1906828ms] [WARNING] The resource https://i.ytimg.com/generate_204 was preloaded using link preload but not used within a few seconds from the window's load event. Please make sure it has an appropriate `as` value and it is preloaded intentionally. @ https://www.youtube.com/watch?v=EWiiqKPyATs:0
[ 1912043ms] [WARNING] The resource https://i.ytimg.com/generate_204 was preloaded using link preload but not used within a few seconds from the window's load event. Please make sure it has an appropriate `as` value and it is preloaded intentionally. @ https://www.youtube.com/watch?v=EWiiqKPyATs:0
[ 1918271ms] [WARNING] The resource https://i.ytimg.com/generate_204 was preloaded using link preload but not used within a few seconds from the window's load event. Please make sure it has an appropriate `as` value and it is preloaded intentionally. @ https://www.youtube.com/watch?v=EWiiqKPyATs:0
[ 1922277ms] [WARNING] The resource https://i.ytimg.com/generate_204 was preloaded using link preload but not used within a few seconds from the window's load event. Please make sure it has an appropriate `as` value and it is preloaded intentionally. @ https://www.youtube.com/watch?v=EWiiqKPyATs:0
[ 1927042ms] [WARNING] The resource https://i.ytimg.com/generate_204 was preloaded using link preload but not used within a few seconds from the window's load event. Please make sure it has an appropriate `as` value and it is preloaded intentionally. @ https://www.youtube.com/watch?v=EWiiqKPyATs:0
[ 1930987ms] [WARNING] The resource https://i.ytimg.com/generate_204 was preloaded using link preload but not used within a few seconds from the window's load event. Please make sure it has an appropriate `as` value and it is preloaded intentionally. @ https://www.youtube.com/watch?v=EWiiqKPyATs:0
[ 1936491ms] [WARNING] The resource https://i.ytimg.com/generate_204 was preloaded using link preload but not used within a few seconds from the window's load event. Please make sure it has an appropriate `as` value and it is preloaded intentionally. @ https://www.youtube.com/watch?v=EWiiqKPyATs:0
[ 1951053ms] [WARNING] The resource https://i.ytimg.com/generate_204 was preloaded using link preload but not used within a few seconds from the window's load event. Please make sure it has an appropriate `as` value and it is preloaded intentionally. @ https://www.youtube.com/watch?v=EWiiqKPyATs:0
[ 1955611ms] [WARNING] The resource https://i.ytimg.com/generate_204 was preloaded using link preload but not used within a few seconds from the window's load event. Please make sure it has an appropriate `as` value and it is preloaded intentionally. @ https://www.youtube.com/watch?v=EWiiqKPyATs:0
[ 1964090ms] [WARNING] The resource https://i.ytimg.com/generate_204 was preloaded using link preload but not used within a few seconds from the window's load event. Please make sure it has an appropriate `as` value and it is preloaded intentionally. @ https://www.youtube.com/watch?v=EWiiqKPyATs:0
[ 1970362ms] [WARNING] The resource https://i.ytimg.com/generate_204 was preloaded using link preload but not used within a few seconds from the window's load event. Please make sure it has an appropriate `as` value and it is preloaded intentionally. @ https://www.youtube.com/watch?v=EWiiqKPyATs:0
[ 1980119ms] [WARNING] The resource https://i.ytimg.com/generate_204 was preloaded using link preload but not used within a few seconds from the window's load event. Please make sure it has an appropriate `as` value and it is preloaded intentionally. @ https://www.youtube.com/watch?v=EWiiqKPyATs:0
[ 1990389ms] [WARNING] The resource https://i.ytimg.com/generate_204 was preloaded using link preload but not used within a few seconds from the window's load event. Please make sure it has an appropriate `as` value and it is preloaded intentionally. @ https://www.youtube.com/watch?v=EWiiqKPyATs:0
[ 1993715ms] [WARNING] The resource https://i.ytimg.com/generate_204 was preloaded using link preload but not used within a few seconds from the window's load event. Please make sure it has an appropriate `as` value and it is preloaded intentionally. @ https://www.youtube.com/watch?v=EWiiqKPyATs:0
[ 1998137ms] [WARNING] The resource https://i.ytimg.com/generate_204 was preloaded using link preload but not used within a few seconds from the window's load event. Please make sure it has an appropriate `as` value and it is preloaded intentionally. @ https://www.youtube.com/watch?v=EWiiqKPyATs:0
[ 2002268ms] [WARNING] The resource https://i.ytimg.com/generate_204 was preloaded using link preload but not used within a few seconds from the window's load event. Please make sure it has an appropriate `as` value and it is preloaded intentionally. @ https://www.youtube.com/watch?v=EWiiqKPyATs:0
[ 2009090ms] [WARNING] The resource https://i.ytimg.com/generate_204 was preloaded using link preload but not used within a few seconds from the window's load event. Please make sure it has an appropriate `as` value and it is preloaded intentionally. @ https://www.youtube.com/watch?v=EWiiqKPyATs:0
[ 2016296ms] [WARNING] The resource https://i.ytimg.com/generate_204 was preloaded using link preload but not used within a few seconds from the window's load event. Please make sure it has an appropriate `as` value and it is preloaded intentionally. @ https://www.youtube.com/watch?v=EWiiqKPyATs:0
[ 2019665ms] [WARNING] The resource https://i.ytimg.com/generate_204 was preloaded using link preload but not used within a few seconds from the window's load event. Please make sure it has an appropriate `as` value and it is preloaded intentionally. @ https://www.youtube.com/watch?v=EWiiqKPyATs:0
[ 2024362ms] [WARNING] The resource https://i.ytimg.com/generate_204 was preloaded using link preload but not used within a few seconds from the window's load event. Please make sure it has an appropriate `as` value and it is preloaded intentionally. @ https://www.youtube.com/watch?v=EWiiqKPyATs:0
[ 2032162ms] [WARNING] The resource https://i.ytimg.com/generate_204 was preloaded using link preload but not used within a few seconds from the window's load event. Please make sure it has an appropriate `as` value and it is preloaded intentionally. @ https://www.youtube.com/watch?v=EWiiqKPyATs:0
[ 2038275ms] [WARNING] The resource https://i.ytimg.com/generate_204 was preloaded using link preload but not used within a few seconds from the window's load event. Please make sure it has an appropriate `as` value and it is preloaded intentionally. @ https://www.youtube.com/watch?v=EWiiqKPyATs:0
[ 2044362ms] [WARNING] The resource https://i.ytimg.com/generate_204 was preloaded using link preload but not used within a few seconds from the window's load event. Please make sure it has an appropriate `as` value and it is preloaded intentionally. @ https://www.youtube.com/watch?v=EWiiqKPyATs:0
[ 2051990ms] [WARNING] The resource https://i.ytimg.com/generate_204 was preloaded using link preload but not used within a few seconds from the window's load event. Please make sure it has an appropriate `as` value and it is preloaded intentionally. @ https://www.youtube.com/watch?v=EWiiqKPyATs:0
[ 2059115ms] [WARNING] The resource https://i.ytimg.com/generate_204 was preloaded using link preload but not used within a few seconds from the window's load event. Please make sure it has an appropriate `as` value and it is preloaded intentionally. @ https://www.youtube.com/watch?v=EWiiqKPyATs:0
[ 2064316ms] [WARNING] The resource https://i.ytimg.com/generate_204 was preloaded using link preload but not used within a few seconds from the window's load event. Please make sure it has an appropriate `as` value and it is preloaded intentionally. @ https://www.youtube.com/watch?v=EWiiqKPyATs:0
[ 2068195ms] [WARNING] The resource https://i.ytimg.com/generate_204 was preloaded using link preload but not used within a few seconds from the window's load event. Please make sure it has an appropriate `as` value and it is preloaded intentionally. @ https://www.youtube.com/watch?v=EWiiqKPyATs:0
[ 2073849ms] [WARNING] The resource https://i.ytimg.com/generate_204 was preloaded using link preload but not used within a few seconds from the window's load event. Please make sure it has an appropriate `as` value and it is preloaded intentionally. @ https://www.youtube.com/watch?v=EWiiqKPyATs:0
[ 2082267ms] [WARNING] The resource https://i.ytimg.com/generate_204 was preloaded using link preload but not used within a few seconds from the window's load event. Please make sure it has an appropriate `as` value and it is preloaded intentionally. @ https://www.youtube.com/watch?v=EWiiqKPyATs:0
[ 2087091ms] [WARNING] The resource https://i.ytimg.com/generate_204 was preloaded using link preload but not used within a few seconds from the window's load event. Please make sure it has an appropriate `as` value and it is preloaded intentionally. @ https://www.youtube.com/watch?v=EWiiqKPyATs:0
[ 2092165ms] [WARNING] The resource https://i.ytimg.com/generate_204 was preloaded using link preload but not used within a few seconds from the window's load event. Please make sure it has an appropriate `as` value and it is preloaded intentionally. @ https://www.youtube.com/watch?v=EWiiqKPyATs:0
[ 2096866ms] [WARNING] The resource https://i.ytimg.com/generate_204 was preloaded using link preload but not used within a few seconds from the window's load event. Please make sure it has an appropriate `as` value and it is preloaded intentionally. @ https://www.youtube.com/watch?v=EWiiqKPyATs:0
[ 2097759ms] [ERROR] Failed to load resource: net::ERR_INTERNET_DISCONNECTED @ https://www.youtube.com/generate_204:0
[ 2097841ms] [ERROR] Failed to load resource: net::ERR_INTERNET_DISCONNECTED @ https://rr2---sn-ci5gup-jwcz.googlevideo.com/videoplayback?expire=1790267969&ei=4P20av-LNZivjuMP8t-8qAU&ip=110.226.112.188&id=o-ACfbKMscChcmrh21Sp_s84Ra3DYMFRqTUHrpEigZB181&source=youtube&requiressl=yes&xpc=EgVo2aDSNQ%3D%3D&cps=653&met=1790246368%2C&mh=xx&mm=18%2C29&mn=sn-ci5gup-jwcz%2Csn-ci5gup-h556&ms=aub%2Crdu&mv=m&mvi=2&pl=24&rms=aub%2Caub&initcwndbps=2428000&siu=1&spc=I-rgIR6pCdUDNDfSyB2LQeJT8Z8hC5fjdmZnSQqZxGcCdD9LwXzMR2k&svpuc=1&ns=vU_STVr_Xvhrfr_iGBH7nKgY&sabr=1&rqh=1&mt=1790245976&fvip=3&keepalive=yes&fexp=51565116%2C52178456&c=WEB&n=9KxDiveX4Xu8Yg&sparams=expire%2Cei%2Cip%2Cid%2Csource%2Crequiressl%2Cxpc%2Csiu%2Cspc%2Csvpuc%2Cns%2Csabr%2Crqh&sig=AE0s2JYwRQIhAPX0heVlVCkz5mBWW1CX4pZ8iGii_Tcibk0KHWgV_6vCAiBB5ntbHsrb1yuADAhBbQ3kU5zxCeNki9nJwRbv7AwvsQ%3D%3D&lsparams=cps%2Cmet%2Cmh%2Cmm%2Cmn%2Cms%2Cmv%2Cmvi%2Cpl%2Crms%2Cinitcwndbps&lsig=APaTxxMwRAIgddXrOsZ3T1w0szFV3ztRCIzl-CU1jZuWhXzHrChK7aECIH24kQgF70eOaUEyhxGH13UbLxMR8Ga-zALFIvQdiXXm&cpn=-fT3UcjLTZm2PDY-&cver=2.20260922.06.00&rn=481&alr=yes:0
[ 2100841ms] [WARNING] The resource https://i.ytimg.com/generate_204 was preloaded using link preload but not used within a few seconds from the window's load event. Please make sure it has an appropriate `as` value and it is preloaded intentionally. @ https://www.youtube.com/watch?v=EWiiqKPyATs:0
[ 2111488ms] [WARNING] The resource https://i.ytimg.com/generate_204 was preloaded using link preload but not used within a few seconds from the window's load event. Please make sure it has an appropriate `as` value and it is preloaded intentionally. @ https://www.youtube.com/watch?v=EWiiqKPyATs:0
[ 2118278ms] [WARNING] The resource https://i.ytimg.com/generate_204 was preloaded using link preload but not used within a few seconds from the window's load event. Please make sure it has an appropriate `as` value and it is preloaded intentionally. @ https://www.youtube.com/watch?v=EWiiqKPyATs:0
[ 2122266ms] [WARNING] The resource https://i.ytimg.com/generate_204 was preloaded using link preload but not used within a few seconds from the window's load event. Please make sure it has an appropriate `as` value and it is preloaded intentionally. @ https://www.youtube.com/watch?v=EWiiqKPyATs:0
[ 2133702ms] [WARNING] The resource https://i.ytimg.com/generate_204 was preloaded using link preload but not used within a few seconds from the window's load event. Please make sure it has an appropriate `as` value and it is preloaded intentionally. @ https://www.youtube.com/watch?v=EWiiqKPyATs:0
[ 2138569ms] [WARNING] The resource https://i.ytimg.com/generate_204 was preloaded using link preload but not used within a few seconds from the window's load event. Please make sure it has an appropriate `as` value and it is preloaded intentionally. @ https://www.youtube.com/watch?v=EWiiqKPyATs:0
[ 2143293ms] [WARNING] The resource https://i.ytimg.com/generate_204 was preloaded using link preload but not used within a few seconds from the window's load event. Please make sure it has an appropriate `as` value and it is preloaded intentionally. @ https://www.youtube.com/watch?v=EWiiqKPyATs:0
[ 2148304ms] [WARNING] The resource https://i.ytimg.com/generate_204 was preloaded using link preload but not used within a few seconds from the window's load event. Please make sure it has an appropriate `as` value and it is preloaded intentionally. @ https://www.youtube.com/watch?v=EWiiqKPyATs:0
[ 2154440ms] [WARNING] The resource https://i.ytimg.com/generate_204 was preloaded using link preload but not used within a few seconds from the window's load event. Please make sure it has an appropriate `as` value and it is preloaded intentionally. @ https://www.youtube.com/watch?v=EWiiqKPyATs:0
[ 2158302ms] [WARNING] The resource https://i.ytimg.com/generate_204 was preloaded using link preload but not used within a few seconds from the window's load event. Please make sure it has an appropriate `as` value and it is preloaded intentionally. @ https://www.youtube.com/watch?v=EWiiqKPyATs:0
[ 2163265ms] [WARNING] The resource https://i.ytimg.com/generate_204 was preloaded using link preload but not used within a few seconds from the window's load event. Please make sure it has an appropriate `as` value and it is preloaded intentionally. @ https://www.youtube.com/watch?v=EWiiqKPyATs:0
[ 2168276ms] [WARNING] The resource https://i.ytimg.com/generate_204 was preloaded using link preload but not used within a few seconds from the window's load event. Please make sure it has an appropriate `as` value and it is preloaded intentionally. @ https://www.youtube.com/watch?v=EWiiqKPyATs:0
[ 2174193ms] [WARNING] The resource https://i.ytimg.com/generate_204 was preloaded using link preload but not used within a few seconds from the window's load event. Please make sure it has an appropriate `as` value and it is preloaded intentionally. @ https://www.youtube.com/watch?v=EWiiqKPyATs:0
[ 2181519ms] [WARNING] The resource https://i.ytimg.com/generate_204 was preloaded using link preload but not used within a few seconds from the window's load event. Please make sure it has an appropriate `as` value and it is preloaded intentionally. @ https://www.youtube.com/watch?v=EWiiqKPyATs:0
[ 2185868ms] [WARNING] The resource https://i.ytimg.com/generate_204 was preloaded using link preload but not used within a few seconds from the window's load event. Please make sure it has an appropriate `as` value and it is preloaded intentionally. @ https://www.youtube.com/watch?v=EWiiqKPyATs:0
[ 2192968ms] [WARNING] The resource https://i.ytimg.com/generate_204 was preloaded using link preload but not used within a few seconds from the window's load event. Please make sure it has an appropriate `as` value and it is preloaded intentionally. @ https://www.youtube.com/watch?v=EWiiqKPyATs:0
[ 2204103ms] [WARNING] The resource https://i.ytimg.com/generate_204 was preloaded using link preload but not used within a few seconds from the window's load event. Please make sure it has an appropriate `as` value and it is preloaded intentionally. @ https://www.youtube.com/watch?v=EWiiqKPyATs:0
[ 2211369ms] [WARNING] The resource https://i.ytimg.com/generate_204 was preloaded using link preload but not used within a few seconds from the window's load event. Please make sure it has an appropriate `as` value and it is preloaded intentionally. @ https://www.youtube.com/watch?v=EWiiqKPyATs:0
[ 2218192ms] [WARNING] The resource https://i.ytimg.com/generate_204 was preloaded using link preload but not used within a few seconds from the window's load event. Please make sure it has an appropriate `as` value and it is preloaded intentionally. @ https://www.youtube.com/watch?v=EWiiqKPyATs:0
[ 2222293ms] [WARNING] The resource https://i.ytimg.com/generate_204 was preloaded using link preload but not used within a few seconds from the window's load event. Please make sure it has an appropriate `as` value and it is preloaded intentionally. @ https://www.youtube.com/watch?v=EWiiqKPyATs:0
[ 2228291ms] [WARNING] The resource https://i.ytimg.com/generate_204 was preloaded using link preload but not used within a few seconds from the window's load event. Please make sure it has an appropriate `as` value and it is preloaded intentionally. @ https://www.youtube.com/watch?v=EWiiqKPyATs:0
[ 2234157ms] [WARNING] The resource https://i.ytimg.com/generate_204 was preloaded using link preload but not used within a few seconds from the window's load event. Please make sure it has an appropriate `as` value and it is preloaded intentionally. @ https://www.youtube.com/watch?v=EWiiqKPyATs:0
[ 2249066ms] [WARNING] The resource https://i.ytimg.com/generate_204 was preloaded using link preload but not used within a few seconds from the window's load event. Please make sure it has an appropriate `as` value and it is preloaded intentionally. @ https://www.youtube.com/watch?v=EWiiqKPyATs:0
[ 2254694ms] [WARNING] The resource https://i.ytimg.com/generate_204 was preloaded using link preload but not used within a few seconds from the window's load event. Please make sure it has an appropriate `as` value and it is preloaded intentionally. @ https://www.youtube.com/watch?v=EWiiqKPyATs:0
[ 2258293ms] [WARNING] The resource https://i.ytimg.com/generate_204 was preloaded using link preload but not used within a few seconds from the window's load event. Please make sure it has an appropriate `as` value and it is preloaded intentionally. @ https://www.youtube.com/watch?v=EWiiqKPyATs:0
[ 2261743ms] [WARNING] The resource https://i.ytimg.com/generate_204 was preloaded using link preload but not used within a few seconds from the window's load event. Please make sure it has an appropriate `as` value and it is preloaded intentionally. @ https://www.youtube.com/watch?v=EWiiqKPyATs:0
[ 2268579ms] [WARNING] The resource https://i.ytimg.com/generate_204 was preloaded using link preload but not used within a few seconds from the window's load event. Please make sure it has an appropriate `as` value and it is preloaded intentionally. @ https://www.youtube.com/watch?v=EWiiqKPyATs:0
[ 2274343ms] [WARNING] The resource https://i.ytimg.com/generate_204 was preloaded using link preload but not used within a few seconds from the window's load event. Please make sure it has an appropriate `as` value and it is preloaded intentionally. @ https://www.youtube.com/watch?v=EWiiqKPyATs:0
[ 2279176ms] [WARNING] The resource https://i.ytimg.com/generate_204 was preloaded using link preload but not used within a few seconds from the window's load event. Please make sure it has an appropriate `as` value and it is preloaded intentionally. @ https://www.youtube.com/watch?v=EWiiqKPyATs:0
[ 2284101ms] [WARNING] The resource https://i.ytimg.com/generate_204 was preloaded using link preload but not used within a few seconds from the window's load event. Please make sure it has an appropriate `as` value and it is preloaded intentionally. @ https://www.youtube.com/watch?v=EWiiqKPyATs:0
[ 2294276ms] [WARNING] The resource https://i.ytimg.com/generate_204 was preloaded using link preload but not used within a few seconds from the window's load event. Please make sure it has an appropriate `as` value and it is preloaded intentionally. @ https://www.youtube.com/watch?v=EWiiqKPyATs:0
[ 2300594ms] [WARNING] The resource https://i.ytimg.com/generate_204 was preloaded using link preload but not used within a few seconds from the window's load event. Please make sure it has an appropriate `as` value and it is preloaded intentionally. @ https://www.youtube.com/watch?v=EWiiqKPyATs:0
[ 2310544ms] [WARNING] The resource https://i.ytimg.com/generate_204 was preloaded using link preload but not used within a few seconds from the window's load event. Please make sure it has an appropriate `as` value and it is preloaded intentionally. @ https://www.youtube.com/watch?v=EWiiqKPyATs:0
[ 2314293ms] [WARNING] The resource https://i.ytimg.com/generate_204 was preloaded using link preload but not used within a few seconds from the window's load event. Please make sure it has an appropriate `as` value and it is preloaded intentionally. @ https://www.youtube.com/watch?v=EWiiqKPyATs:0
[ 2318279ms] [WARNING] The resource https://i.ytimg.com/generate_204 was preloaded using link preload but not used within a few seconds from the window's load event. Please make sure it has an appropriate `as` value and it is preloaded intentionally. @ https://www.youtube.com/watch?v=EWiiqKPyATs:0
[ 2324769ms] [WARNING] The resource https://i.ytimg.com/generate_204 was preloaded using link preload but not used within a few seconds from the window's load event. Please make sure it has an appropriate `as` value and it is preloaded intentionally. @ https://www.youtube.com/watch?v=EWiiqKPyATs:0
[ 2328195ms] [WARNING] The resource https://i.ytimg.com/generate_204 was preloaded using link preload but not used within a few seconds from the window's load event. Please make sure it has an appropriate `as` value and it is preloaded intentionally. @ https://www.youtube.com/watch?v=EWiiqKPyATs:0
[ 2334930ms] [WARNING] The resource https://i.ytimg.com/generate_204 was preloaded using link preload but not used within a few seconds from the window's load event. Please make sure it has an appropriate `as` value and it is preloaded intentionally. @ https://www.youtube.com/watch?v=EWiiqKPyATs:0
[ 2338227ms] [WARNING] The resource https://i.ytimg.com/generate_204 was preloaded using link preload but not used within a few seconds from the window's load event. Please make sure it has an appropriate `as` value and it is preloaded intentionally. @ https://www.youtube.com/watch?v=EWiiqKPyATs:0
[ 2341569ms] [WARNING] The resource https://i.ytimg.com/generate_204 was preloaded using link preload but not used within a few seconds from the window's load event. Please make sure it has an appropriate `as` value and it is preloaded intentionally. @ https://www.youtube.com/watch?v=EWiiqKPyATs:0
[ 2344716ms] [WARNING] The resource https://i.ytimg.com/generate_204 was preloaded using link preload but not used within a few seconds from the window's load event. Please make sure it has an appropriate `as` value and it is preloaded intentionally. @ https://www.youtube.com/watch?v=EWiiqKPyATs:0
[ 2348651ms] [WARNING] The resource https://i.ytimg.com/generate_204 was preloaded using link preload but not used within a few seconds from the window's load event. Please make sure it has an appropriate `as` value and it is preloaded intentionally. @ https://www.youtube.com/watch?v=EWiiqKPyATs:0
[ 2355799ms] [WARNING] The resource https://i.ytimg.com/generate_204 was preloaded using link preload but not used within a few seconds from the window's load event. Please make sure it has an appropriate `as` value and it is preloaded intentionally. @ https://www.youtube.com/watch?v=EWiiqKPyATs:0
[ 2362296ms] [WARNING] The resource https://i.ytimg.com/generate_204 was preloaded using link preload but not used within a few seconds from the window's load event. Please make sure it has an appropriate `as` value and it is preloaded intentionally. @ https://www.youtube.com/watch?v=EWiiqKPyATs:0
[ 2365865ms] [WARNING] The resource https://i.ytimg.com/generate_204 was preloaded using link preload but not used within a few seconds from the window's load event. Please make sure it has an appropriate `as` value and it is preloaded intentionally. @ https://www.youtube.com/watch?v=EWiiqKPyATs:0
[ 2369699ms] [WARNING] The resource https://i.ytimg.com/generate_204 was preloaded using link preload but not used within a few seconds from the window's load event. Please make sure it has an appropriate `as` value and it is preloaded intentionally. @ https://www.youtube.com/watch?v=EWiiqKPyATs:0
[ 2370026ms] [ERROR] Failed to load resource: net::ERR_INTERNET_DISCONNECTED @ https://www.youtube.com/generate_204:0
[ 2373028ms] [WARNING] The resource https://i.ytimg.com/generate_204 was preloaded using link preload but not used within a few seconds from the window's load event. Please make sure it has an appropriate `as` value and it is preloaded intentionally. @ https://www.youtube.com/watch?v=EWiiqKPyATs:0
[ 2380274ms] [WARNING] The resource https://i.ytimg.com/generate_204 was preloaded using link preload but not used within a few seconds from the window's load event. Please make sure it has an appropriate `as` value and it is preloaded intentionally. @ https://www.youtube.com/watch?v=EWiiqKPyATs:0
[ 2383356ms] [WARNING] The resource https://i.ytimg.com/generate_204 was preloaded using link preload but not used within a few seconds from the window's load event. Please make sure it has an appropriate `as` value and it is preloaded intentionally. @ https://www.youtube.com/watch?v=EWiiqKPyATs:0
[ 2386569ms] [WARNING] The resource https://i.ytimg.com/generate_204 was preloaded using link preload but not used within a few seconds from the window's load event. Please make sure it has an appropriate `as` value and it is preloaded intentionally. @ https://www.youtube.com/watch?v=EWiiqKPyATs:0
[ 2393745ms] [WARNING] The resource https://i.ytimg.com/generate_204 was preloaded using link preload but not used within a few seconds from the window's load event. Please make sure it has an appropriate `as` value and it is preloaded intentionally. @ https://www.youtube.com/watch?v=EWiiqKPyATs:0
[ 2397320ms] [WARNING] The resource https://i.ytimg.com/generate_204 was preloaded using link preload but not used within a few seconds from the window's load event. Please make sure it has an appropriate `as` value and it is preloaded intentionally. @ https://www.youtube.com/watch?v=EWiiqKPyATs:0
[ 2410384ms] [WARNING] The resource https://i.ytimg.com/generate_204 was preloaded using link preload but not used within a few seconds from the window's load event. Please make sure it has an appropriate `as` value and it is preloaded intentionally. @ https://www.youtube.com/watch?v=EWiiqKPyATs:0
[ 2416896ms] [WARNING] The resource https://i.ytimg.com/generate_204 was preloaded using link preload but not used within a few seconds from the window's load event. Please make sure it has an appropriate `as` value and it is preloaded intentionally. @ https://www.youtube.com/watch?v=EWiiqKPyATs:0
[ 2426097ms] [WARNING] The resource https://i.ytimg.com/generate_204 was preloaded using link preload but not used within a few seconds from the window's load event. Please make sure it has an appropriate `as` value and it is preloaded intentionally. @ https://www.youtube.com/watch?v=EWiiqKPyATs:0
[ 2433224ms] [WARNING] The resource https://i.ytimg.com/generate_204 was preloaded using link preload but not used within a few seconds from the window's load event. Please make sure it has an appropriate `as` value and it is preloaded intentionally. @ https://www.youtube.com/watch?v=EWiiqKPyATs:0
[ 2439978ms] [WARNING] The resource https://i.ytimg.com/generate_204 was preloaded using link preload but not used within a few seconds from the window's load event. Please make sure it has an appropriate `as` value and it is preloaded intentionally. @ https://www.youtube.com/watch?v=EWiiqKPyATs:0
[ 2446726ms] [WARNING] The resource https://i.ytimg.com/generate_204 was preloaded using link preload but not used within a few seconds from the window's load event. Please make sure it has an appropriate `as` value and it is preloaded intentionally. @ https://www.youtube.com/watch?v=EWiiqKPyATs:0
[ 2454452ms] [WARNING] The resource https://i.ytimg.com/generate_204 was preloaded using link preload but not used within a few seconds from the window's load event. Please make sure it has an appropriate `as` value and it is preloaded intentionally. @ https://www.youtube.com/watch?v=EWiiqKPyATs:0
[ 2459989ms] [WARNING] The resource https://i.ytimg.com/generate_204 was preloaded using link preload but not used within a few seconds from the window's load event. Please make sure it has an appropriate `as` value and it is preloaded intentionally. @ https://www.youtube.com/watch?v=EWiiqKPyATs:0
[ 2464277ms] [WARNING] The resource https://i.ytimg.com/generate_204 was preloaded using link preload but not used within a few seconds from the window's load event. Please make sure it has an appropriate `as` value and it is preloaded intentionally. @ https://www.youtube.com/watch?v=EWiiqKPyATs:0
[ 2468284ms] [WARNING] The resource https://i.ytimg.com/generate_204 was preloaded using link preload but not used within a few seconds from the window's load event. Please make sure it has an appropriate `as` value and it is preloaded intentionally. @ https://www.youtube.com/watch?v=EWiiqKPyATs:0
[ 2472682ms] [WARNING] The resource https://i.ytimg.com/generate_204 was preloaded using link preload but not used within a few seconds from the window's load event. Please make sure it has an appropriate `as` value and it is preloaded intentionally. @ https://www.youtube.com/watch?v=EWiiqKPyATs:0
[ 2475977ms] [WARNING] The resource https://i.ytimg.com/generate_204 was preloaded using link preload but not used within a few seconds from the window's load event. Please make sure it has an appropriate `as` value and it is preloaded intentionally. @ https://www.youtube.com/watch?v=EWiiqKPyATs:0
[ 2481127ms] [WARNING] The resource https://i.ytimg.com/generate_204 was preloaded using link preload but not used within a few seconds from the window's load event. Please make sure it has an appropriate `as` value and it is preloaded intentionally. @ https://www.youtube.com/watch?v=EWiiqKPyATs:0
[ 2494953ms] [WARNING] The resource https://i.ytimg.com/generate_204 was preloaded using link preload but not used within a few seconds from the window's load event. Please make sure it has an appropriate `as` value and it is preloaded intentionally. @ https://www.youtube.com/watch?v=EWiiqKPyATs:0
[ 2498279ms] [WARNING] The resource https://i.ytimg.com/generate_204 was preloaded using link preload but not used within a few seconds from the window's load event. Please make sure it has an appropriate `as` value and it is preloaded intentionally. @ https://www.youtube.com/watch?v=EWiiqKPyATs:0
[ 2502353ms] [WARNING] The resource https://i.ytimg.com/generate_204 was preloaded using link preload but not used within a few seconds from the window's load event. Please make sure it has an appropriate `as` value and it is preloaded intentionally. @ https://www.youtube.com/watch?v=EWiiqKPyATs:0
[ 2508861ms] [WARNING] The resource https://i.ytimg.com/generate_204 was preloaded using link preload but not used within a few seconds from the window's load event. Please make sure it has an appropriate `as` value and it is preloaded intentionally. @ https://www.youtube.com/watch?v=EWiiqKPyATs:0
[ 2512083ms] [WARNING] The resource https://i.ytimg.com/generate_204 was preloaded using link preload but not used within a few seconds from the window's load event. Please make sure it has an appropriate `as` value and it is preloaded intentionally. @ https://www.youtube.com/watch?v=EWiiqKPyATs:0
[ 2517003ms] [WARNING] The resource https://i.ytimg.com/generate_204 was preloaded using link preload but not used within a few seconds from the window's load event. Please make sure it has an appropriate `as` value and it is preloaded intentionally. @ https://www.youtube.com/watch?v=EWiiqKPyATs:0
[ 2521860ms] [WARNING] The resource https://i.ytimg.com/generate_204 was preloaded using link preload but not used within a few seconds from the window's load event. Please make sure it has an appropriate `as` value and it is preloaded intentionally. @ https://www.youtube.com/watch?v=EWiiqKPyATs:0
[ 2528328ms] [WARNING] The resource https://i.ytimg.com/generate_204 was preloaded using link preload but not used within a few seconds from the window's load event. Please make sure it has an appropriate `as` value and it is preloaded intentionally. @ https://www.youtube.com/watch?v=EWiiqKPyATs:0
[ 2536028ms] [WARNING] The resource https://i.ytimg.com/generate_204 was preloaded using link preload but not used within a few seconds from the window's load event. Please make sure it has an appropriate `as` value and it is preloaded intentionally. @ https://www.youtube.com/watch?v=EWiiqKPyATs:0
[ 2541138ms] [WARNING] The resource https://i.ytimg.com/generate_204 was preloaded using link preload but not used within a few seconds from the window's load event. Please make sure it has an appropriate `as` value and it is preloaded intentionally. @ https://www.youtube.com/watch?v=EWiiqKPyATs:0
[ 2546579ms] [WARNING] The resource https://i.ytimg.com/generate_204 was preloaded using link preload but not used within a few seconds from the window's load event. Please make sure it has an appropriate `as` value and it is preloaded intentionally. @ https://www.youtube.com/watch?v=EWiiqKPyATs:0
[ 2550203ms] [WARNING] The resource https://i.ytimg.com/generate_204 was preloaded using link preload but not used within a few seconds from the window's load event. Please make sure it has an appropriate `as` value and it is preloaded intentionally. @ https://www.youtube.com/watch?v=EWiiqKPyATs:0
[ 2558278ms] [WARNING] The resource https://i.ytimg.com/generate_204 was preloaded using link preload but not used within a few seconds from the window's load event. Please make sure it has an appropriate `as` value and it is preloaded intentionally. @ https://www.youtube.com/watch?v=EWiiqKPyATs:0
[ 2563255ms] [WARNING] The resource https://i.ytimg.com/generate_204 was preloaded using link preload but not used within a few seconds from the window's load event. Please make sure it has an appropriate `as` value and it is preloaded intentionally. @ https://www.youtube.com/watch?v=EWiiqKPyATs:0
[ 2570787ms] [WARNING] The resource https://i.ytimg.com/generate_204 was preloaded using link preload but not used within a few seconds from the window's load event. Please make sure it has an appropriate `as` value and it is preloaded intentionally. @ https://www.youtube.com/watch?v=EWiiqKPyATs:0
[ 2575709ms] [WARNING] The resource https://i.ytimg.com/generate_204 was preloaded using link preload but not used within a few seconds from the window's load event. Please make sure it has an appropriate `as` value and it is preloaded intentionally. @ https://www.youtube.com/watch?v=EWiiqKPyATs:0
[ 2583657ms] [WARNING] The resource https://i.ytimg.com/generate_204 was preloaded using link preload but not used within a few seconds from the window's load event. Please make sure it has an appropriate `as` value and it is preloaded intentionally. @ https://www.youtube.com/watch?v=EWiiqKPyATs:0
[ 2586833ms] [WARNING] The resource https://i.ytimg.com/generate_204 was preloaded using link preload but not used within a few seconds from the window's load event. Please make sure it has an appropriate `as` value and it is preloaded intentionally. @ https://www.youtube.com/watch?v=EWiiqKPyATs:0
[ 2593878ms] [WARNING] The resource https://i.ytimg.com/generate_204 was preloaded using link preload but not used within a few seconds from the window's load event. Please make sure it has an appropriate `as` value and it is preloaded intentionally. @ https://www.youtube.com/watch?v=EWiiqKPyATs:0
[ 2614166ms] [WARNING] The resource https://i.ytimg.com/generate_204 was preloaded using link preload but not used within a few seconds from the window's load event. Please make sure it has an appropriate `as` value and it is preloaded intentionally. @ https://www.youtube.com/watch?v=EWiiqKPyATs:0
[ 2618278ms] [WARNING] The resource https://i.ytimg.com/generate_204 was preloaded using link preload but not used within a few seconds from the window's load event. Please make sure it has an appropriate `as` value and it is preloaded intentionally. @ https://www.youtube.com/watch?v=EWiiqKPyATs:0
[ 2623125ms] [WARNING] The resource https://i.ytimg.com/generate_204 was preloaded using link preload but not used within a few seconds from the window's load event. Please make sure it has an appropriate `as` value and it is preloaded intentionally. @ https://www.youtube.com/watch?v=EWiiqKPyATs:0
[ 2632614ms] [WARNING] The resource https://i.ytimg.com/generate_204 was preloaded using link preload but not used within a few seconds from the window's load event. Please make sure it has an appropriate `as` value and it is preloaded intentionally. @ https://www.youtube.com/watch?v=EWiiqKPyATs:0
[ 2637712ms] [WARNING] The resource https://i.ytimg.com/generate_204 was preloaded using link preload but not used within a few seconds from the window's load event. Please make sure it has an appropriate `as` value and it is preloaded intentionally. @ https://www.youtube.com/watch?v=EWiiqKPyATs:0
[ 2645524ms] [WARNING] The resource https://i.ytimg.com/generate_204 was preloaded using link preload but not used within a few seconds from the window's load event. Please make sure it has an appropriate `as` value and it is preloaded intentionally. @ https://www.youtube.com/watch?v=EWiiqKPyATs:0
[ 2652228ms] [WARNING] The resource https://i.ytimg.com/generate_204 was preloaded using link preload but not used within a few seconds from the window's load event. Please make sure it has an appropriate `as` value and it is preloaded intentionally. @ https://www.youtube.com/watch?v=EWiiqKPyATs:0
[ 2658283ms] [WARNING] The resource https://i.ytimg.com/generate_204 was preloaded using link preload but not used within a few seconds from the window's load event. Please make sure it has an appropriate `as` value and it is preloaded intentionally. @ https://www.youtube.com/watch?v=EWiiqKPyATs:0
[ 2663630ms] [WARNING] The resource https://i.ytimg.com/generate_204 was preloaded using link preload but not used within a few seconds from the window's load event. Please make sure it has an appropriate `as` value and it is preloaded intentionally. @ https://www.youtube.com/watch?v=EWiiqKPyATs:0
[ 2667413ms] [WARNING] The resource https://i.ytimg.com/generate_204 was preloaded using link preload but not used within a few seconds from the window's load event. Please make sure it has an appropriate `as` value and it is preloaded intentionally. @ https://www.youtube.com/watch?v=EWiiqKPyATs:0
[ 2671638ms] [WARNING] The resource https://i.ytimg.com/generate_204 was preloaded using link preload but not used within a few seconds from the window's load event. Please make sure it has an appropriate `as` value and it is preloaded intentionally. @ https://www.youtube.com/watch?v=EWiiqKPyATs:0
[ 2676875ms] [WARNING] The resource https://i.ytimg.com/generate_204 was preloaded using link preload but not used within a few seconds from the window's load event. Please make sure it has an appropriate `as` value and it is preloaded intentionally. @ https://www.youtube.com/watch?v=EWiiqKPyATs:0
[ 2683638ms] [WARNING] The resource https://i.ytimg.com/generate_204 was preloaded using link preload but not used within a few seconds from the window's load event. Please make sure it has an appropriate `as` value and it is preloaded intentionally. @ https://www.youtube.com/watch?v=EWiiqKPyATs:0
[ 2691278ms] [WARNING] The resource https://i.ytimg.com/generate_204 was preloaded using link preload but not used within a few seconds from the window's load event. Please make sure it has an appropriate `as` value and it is preloaded intentionally. @ https://www.youtube.com/watch?v=EWiiqKPyATs:0
[ 2695165ms] [WARNING] The resource https://i.ytimg.com/generate_204 was preloaded using link preload but not used within a few seconds from the window's load event. Please make sure it has an appropriate `as` value and it is preloaded intentionally. @ https://www.youtube.com/watch?v=EWiiqKPyATs:0
[ 2701480ms] [WARNING] The resource https://i.ytimg.com/generate_204 was preloaded using link preload but not used within a few seconds from the window's load event. Please make sure it has an appropriate `as` value and it is preloaded intentionally. @ https://www.youtube.com/watch?v=EWiiqKPyATs:0
[ 2707491ms] [WARNING] The resource https://i.ytimg.com/generate_204 was preloaded using link preload but not used within a few seconds from the window's load event. Please make sure it has an appropriate `as` value and it is preloaded intentionally. @ https://www.youtube.com/watch?v=EWiiqKPyATs:0
[ 2720366ms] [WARNING] The resource https://i.ytimg.com/generate_204 was preloaded using link preload but not used within a few seconds from the window's load event. Please make sure it has an appropriate `as` value and it is preloaded intentionally. @ https://www.youtube.com/watch?v=EWiiqKPyATs:0
[ 2725408ms] [WARNING] The resource https://i.ytimg.com/generate_204 was preloaded using link preload but not used within a few seconds from the window's load event. Please make sure it has an appropriate `as` value and it is preloaded intentionally. @ https://www.youtube.com/watch?v=EWiiqKPyATs:0
[ 2731281ms] [WARNING] The resource https://i.ytimg.com/generate_204 was preloaded using link preload but not used within a few seconds from the window's load event. Please make sure it has an appropriate `as` value and it is preloaded intentionally. @ https://www.youtube.com/watch?v=EWiiqKPyATs:0
[ 2734350ms] [WARNING] The resource https://i.ytimg.com/generate_204 was preloaded using link preload but not used within a few seconds from the window's load event. Please make sure it has an appropriate `as` value and it is preloaded intentionally. @ https://www.youtube.com/watch?v=EWiiqKPyATs:0
[ 2739228ms] [WARNING] The resource https://i.ytimg.com/generate_204 was preloaded using link preload but not used within a few seconds from the window's load event. Please make sure it has an appropriate `as` value and it is preloaded intentionally. @ https://www.youtube.com/watch?v=EWiiqKPyATs:0
[ 2743355ms] [WARNING] The resource https://i.ytimg.com/generate_204 was preloaded using link preload but not used within a few seconds from the window's load event. Please make sure it has an appropriate `as` value and it is preloaded intentionally. @ https://www.youtube.com/watch?v=EWiiqKPyATs:0
[ 2753513ms] [WARNING] The resource https://i.ytimg.com/generate_204 was preloaded using link preload but not used within a few seconds from the window's load event. Please make sure it has an appropriate `as` value and it is preloaded intentionally. @ https://www.youtube.com/watch?v=EWiiqKPyATs:0
[ 2756641ms] [WARNING] The resource https://i.ytimg.com/generate_204 was preloaded using link preload but not used within a few seconds from the window's load event. Please make sure it has an appropriate `as` value and it is preloaded intentionally. @ https://www.youtube.com/watch?v=EWiiqKPyATs:0
[ 2760878ms] [WARNING] The resource https://i.ytimg.com/generate_204 was preloaded using link preload but not used within a few seconds from the window's load event. Please make sure it has an appropriate `as` value and it is preloaded intentionally. @ https://www.youtube.com/watch?v=EWiiqKPyATs:0
[ 2764083ms] [WARNING] The resource https://i.ytimg.com/generate_204 was preloaded using link preload but not used within a few seconds from the window's load event. Please make sure it has an appropriate `as` value and it is preloaded intentionally. @ https://www.youtube.com/watch?v=EWiiqKPyATs:0
[ 2773529ms] [WARNING] The resource https://i.ytimg.com/generate_204 was preloaded using link preload but not used within a few seconds from the window's load event. Please make sure it has an appropriate `as` value and it is preloaded intentionally. @ https://www.youtube.com/watch?v=EWiiqKPyATs:0
[ 2778629ms] [WARNING] The resource https://i.ytimg.com/generate_204 was preloaded using link preload but not used within a few seconds from the window's load event. Please make sure it has an appropriate `as` value and it is preloaded intentionally. @ https://www.youtube.com/watch?v=EWiiqKPyATs:0
[ 2782550ms] [WARNING] The resource https://i.ytimg.com/generate_204 was preloaded using link preload but not used within a few seconds from the window's load event. Please make sure it has an appropriate `as` value and it is preloaded intentionally. @ https://www.youtube.com/watch?v=EWiiqKPyATs:0
[ 2788928ms] [WARNING] The resource https://i.ytimg.com/generate_204 was preloaded using link preload but not used within a few seconds from the window's load event. Please make sure it has an appropriate `as` value and it is preloaded intentionally. @ https://www.youtube.com/watch?v=EWiiqKPyATs:0
[ 2792962ms] [WARNING] The resource https://i.ytimg.com/generate_204 was preloaded using link preload but not used within a few seconds from the window's load event. Please make sure it has an appropriate `as` value and it is preloaded intentionally. @ https://www.youtube.com/watch?v=EWiiqKPyATs:0
[ 2798554ms] [WARNING] The resource https://i.ytimg.com/generate_204 was preloaded using link preload but not used within a few seconds from the window's load event. Please make sure it has an appropriate `as` value and it is preloaded intentionally. @ https://www.youtube.com/watch?v=EWiiqKPyATs:0
[ 2803356ms] [WARNING] The resource https://i.ytimg.com/generate_204 was preloaded using link preload but not used within a few seconds from the window's load event. Please make sure it has an appropriate `as` value and it is preloaded intentionally. @ https://www.youtube.com/watch?v=EWiiqKPyATs:0
[ 2812800ms] [WARNING] The resource https://i.ytimg.com/generate_204 was preloaded using link preload but not used within a few seconds from the window's load event. Please make sure it has an appropriate `as` value and it is preloaded intentionally. @ https://www.youtube.com/watch?v=EWiiqKPyATs:0
[ 2816457ms] [WARNING] The resource https://i.ytimg.com/generate_204 was preloaded using link preload but not used within a few seconds from the window's load event. Please make sure it has an appropriate `as` value and it is preloaded intentionally. @ https://www.youtube.com/watch?v=EWiiqKPyATs:0
[ 2821250ms] [WARNING] The resource https://i.ytimg.com/generate_204 was preloaded using link preload but not used within a few seconds from the window's load event. Please make sure it has an appropriate `as` value and it is preloaded intentionally. @ https://www.youtube.com/watch?v=EWiiqKPyATs:0
[ 2830804ms] [WARNING] The resource https://i.ytimg.com/generate_204 was preloaded using link preload but not used within a few seconds from the window's load event. Please make sure it has an appropriate `as` value and it is preloaded intentionally. @ https://www.youtube.com/watch?v=EWiiqKPyATs:0
[ 2838288ms] [WARNING] The resource https://i.ytimg.com/generate_204 was preloaded using link preload but not used within a few seconds from the window's load event. Please make sure it has an appropriate `as` value and it is preloaded intentionally. @ https://www.youtube.com/watch?v=EWiiqKPyATs:0
[ 2842750ms] [WARNING] The resource https://i.ytimg.com/generate_204 was preloaded using link preload but not used within a few seconds from the window's load event. Please make sure it has an appropriate `as` value and it is preloaded intentionally. @ https://www.youtube.com/watch?v=EWiiqKPyATs:0
[ 2851281ms] [WARNING] The resource https://i.ytimg.com/generate_204 was preloaded using link preload but not used within a few seconds from the window's load event. Please make sure it has an appropriate `as` value and it is preloaded intentionally. @ https://www.youtube.com/watch?v=EWiiqKPyATs:0
[ 2854685ms] [WARNING] The resource https://i.ytimg.com/generate_204 was preloaded using link preload but not used within a few seconds from the window's load event. Please make sure it has an appropriate `as` value and it is preloaded intentionally. @ https://www.youtube.com/watch?v=EWiiqKPyATs:0
[ 2860691ms] [WARNING] The resource https://i.ytimg.com/generate_204 was preloaded using link preload but not used within a few seconds from the window's load event. Please make sure it has an appropriate `as` value and it is preloaded intentionally. @ https://www.youtube.com/watch?v=EWiiqKPyATs:0
[ 2866010ms] [WARNING] The resource https://i.ytimg.com/generate_204 was preloaded using link preload but not used within a few seconds from the window's load event. Please make sure it has an appropriate `as` value and it is preloaded intentionally. @ https://www.youtube.com/watch?v=EWiiqKPyATs:0
[ 2869054ms] [WARNING] The resource https://i.ytimg.com/generate_204 was preloaded using link preload but not used within a few seconds from the window's load event. Please make sure it has an appropriate `as` value and it is preloaded intentionally. @ https://www.youtube.com/watch?v=EWiiqKPyATs:0
[ 2878624ms] [WARNING] The resource https://i.ytimg.com/generate_204 was preloaded using link preload but not used within a few seconds from the window's load event. Please make sure it has an appropriate `as` value and it is preloaded intentionally. @ https://www.youtube.com/watch?v=EWiiqKPyATs:0
[ 2886178ms] [WARNING] The resource https://i.ytimg.com/generate_204 was preloaded using link preload but not used within a few seconds from the window's load event. Please make sure it has an appropriate `as` value and it is preloaded intentionally. @ https://www.youtube.com/watch?v=EWiiqKPyATs:0
[ 2891375ms] [WARNING] The resource https://i.ytimg.com/generate_204 was preloaded using link preload but not used within a few seconds from the window's load event. Please make sure it has an appropriate `as` value and it is preloaded intentionally. @ https://www.youtube.com/watch?v=EWiiqKPyATs:0
[ 2899104ms] [WARNING] The resource https://i.ytimg.com/generate_204 was preloaded using link preload but not used within a few seconds from the window's load event. Please make sure it has an appropriate `as` value and it is preloaded intentionally. @ https://www.youtube.com/watch?v=EWiiqKPyATs:0
[ 2903829ms] [WARNING] The resource https://i.ytimg.com/generate_204 was preloaded using link preload but not used within a few seconds from the window's load event. Please make sure it has an appropriate `as` value and it is preloaded intentionally. @ https://www.youtube.com/watch?v=EWiiqKPyATs:0
[ 2908287ms] [WARNING] The resource https://i.ytimg.com/generate_204 was preloaded using link preload but not used within a few seconds from the window's load event. Please make sure it has an appropriate `as` value and it is preloaded intentionally. @ https://www.youtube.com/watch?v=EWiiqKPyATs:0
[ 2916005ms] [WARNING] The resource https://i.ytimg.com/generate_204 was preloaded using link preload but not used within a few seconds from the window's load event. Please make sure it has an appropriate `as` value and it is preloaded intentionally. @ https://www.youtube.com/watch?v=EWiiqKPyATs:0
[ 2920937ms] [WARNING] The resource https://i.ytimg.com/generate_204 was preloaded using link preload but not used within a few seconds from the window's load event. Please make sure it has an appropriate `as` value and it is preloaded intentionally. @ https://www.youtube.com/watch?v=EWiiqKPyATs:0
[ 2924303ms] [WARNING] The resource https://i.ytimg.com/generate_204 was preloaded using link preload but not used within a few seconds from the window's load event. Please make sure it has an appropriate `as` value and it is preloaded intentionally. @ https://www.youtube.com/watch?v=EWiiqKPyATs:0
[ 2931301ms] [WARNING] The resource https://i.ytimg.com/generate_204 was preloaded using link preload but not used within a few seconds from the window's load event. Please make sure it has an appropriate `as` value and it is preloaded intentionally. @ https://www.youtube.com/watch?v=EWiiqKPyATs:0
[ 2938291ms] [WARNING] The resource https://i.ytimg.com/generate_204 was preloaded using link preload but not used within a few seconds from the window's load event. Please make sure it has an appropriate `as` value and it is preloaded intentionally. @ https://www.youtube.com/watch?v=EWiiqKPyATs:0
[ 2945717ms] [WARNING] The resource https://i.ytimg.com/generate_204 was preloaded using link preload but not used within a few seconds from the window's load event. Please make sure it has an appropriate `as` value and it is preloaded intentionally. @ https://www.youtube.com/watch?v=EWiiqKPyATs:0
[ 2948751ms] [WARNING] The resource https://i.ytimg.com/generate_204 was preloaded using link preload but not used within a few seconds from the window's load event. Please make sure it has an appropriate `as` value and it is preloaded intentionally. @ https://www.youtube.com/watch?v=EWiiqKPyATs:0
[ 2956132ms] [WARNING] The resource https://i.ytimg.com/generate_204 was preloaded using link preload but not used within a few seconds from the window's load event. Please make sure it has an appropriate `as` value and it is preloaded intentionally. @ https://www.youtube.com/watch?v=EWiiqKPyATs:0
[ 2962466ms] [WARNING] The resource https://i.ytimg.com/generate_204 was preloaded using link preload but not used within a few seconds from the window's load event. Please make sure it has an appropriate `as` value and it is preloaded intentionally. @ https://www.youtube.com/watch?v=EWiiqKPyATs:0
[ 2979829ms] [WARNING] The resource https://i.ytimg.com/generate_204 was preloaded using link preload but not used within a few seconds from the window's load event. Please make sure it has an appropriate `as` value and it is preloaded intentionally. @ https://www.youtube.com/watch?v=EWiiqKPyATs:0
[ 2984933ms] [WARNING] The resource https://i.ytimg.com/generate_204 was preloaded using link preload but not used within a few seconds from the window's load event. Please make sure it has an appropriate `as` value and it is preloaded intentionally. @ https://www.youtube.com/watch?v=EWiiqKPyATs:0
[ 2989325ms] [WARNING] The resource https://i.ytimg.com/generate_204 was preloaded using link preload but not used within a few seconds from the window's load event. Please make sure it has an appropriate `as` value and it is preloaded intentionally. @ https://www.youtube.com/watch?v=EWiiqKPyATs:0
[ 2998283ms] [WARNING] The resource https://i.ytimg.com/generate_204 was preloaded using link preload but not used within a few seconds from the window's load event. Please make sure it has an appropriate `as` value and it is preloaded intentionally. @ https://www.youtube.com/watch?v=EWiiqKPyATs:0
[ 3003079ms] [WARNING] The resource https://i.ytimg.com/generate_204 was preloaded using link preload but not used within a few seconds from the window's load event. Please make sure it has an appropriate `as` value and it is preloaded intentionally. @ https://www.youtube.com/watch?v=EWiiqKPyATs:0
[ 3008715ms] [WARNING] The resource https://i.ytimg.com/generate_204 was preloaded using link preload but not used within a few seconds from the window's load event. Please make sure it has an appropriate `as` value and it is preloaded intentionally. @ https://www.youtube.com/watch?v=EWiiqKPyATs:0
[ 3018379ms] [WARNING] The resource https://i.ytimg.com/generate_204 was preloaded using link preload but not used within a few seconds from the window's load event. Please make sure it has an appropriate `as` value and it is preloaded intentionally. @ https://www.youtube.com/watch?v=EWiiqKPyATs:0
[ 3052554ms] [WARNING] The resource https://i.ytimg.com/generate_204 was preloaded using link preload but not used within a few seconds from the window's load event. Please make sure it has an appropriate `as` value and it is preloaded intentionally. @ https://www.youtube.com/watch?v=EWiiqKPyATs:0
[ 3062379ms] [WARNING] The resource https://i.ytimg.com/generate_204 was preloaded using link preload but not used within a few seconds from the window's load event. Please make sure it has an appropriate `as` value and it is preloaded intentionally. @ https://www.youtube.com/watch?v=EWiiqKPyATs:0
[ 3067804ms] [WARNING] The resource https://i.ytimg.com/generate_204 was preloaded using link preload but not used within a few seconds from the window's load event. Please make sure it has an appropriate `as` value and it is preloaded intentionally. @ https://www.youtube.com/watch?v=EWiiqKPyATs:0
[ 3072160ms] [WARNING] The resource https://i.ytimg.com/generate_204 was preloaded using link preload but not used within a few seconds from the window's load event. Please make sure it has an appropriate `as` value and it is preloaded intentionally. @ https://www.youtube.com/watch?v=EWiiqKPyATs:0
[ 3076426ms] [WARNING] The resource https://i.ytimg.com/generate_204 was preloaded using link preload but not used within a few seconds from the window's load event. Please make sure it has an appropriate `as` value and it is preloaded intentionally. @ https://www.youtube.com/watch?v=EWiiqKPyATs:0
[ 3079654ms] [WARNING] The resource https://i.ytimg.com/generate_204 was preloaded using link preload but not used within a few seconds from the window's load event. Please make sure it has an appropriate `as` value and it is preloaded intentionally. @ https://www.youtube.com/watch?v=EWiiqKPyATs:0
[ 3085450ms] [WARNING] The resource https://i.ytimg.com/generate_204 was preloaded using link preload but not used within a few seconds from the window's load event. Please make sure it has an appropriate `as` value and it is preloaded intentionally. @ https://www.youtube.com/watch?v=EWiiqKPyATs:0
[ 3094180ms] [WARNING] The resource https://i.ytimg.com/generate_204 was preloaded using link preload but not used within a few seconds from the window's load event. Please make sure it has an appropriate `as` value and it is preloaded intentionally. @ https://www.youtube.com/watch?v=EWiiqKPyATs:0
[ 3100364ms] [WARNING] The resource https://i.ytimg.com/generate_204 was preloaded using link preload but not used within a few seconds from the window's load event. Please make sure it has an appropriate `as` value and it is preloaded intentionally. @ https://www.youtube.com/watch?v=EWiiqKPyATs:0
[ 3103965ms] [WARNING] The resource https://i.ytimg.com/generate_204 was preloaded using link preload but not used within a few seconds from the window's load event. Please make sure it has an appropriate `as` value and it is preloaded intentionally. @ https://www.youtube.com/watch?v=EWiiqKPyATs:0
[ 3107686ms] [WARNING] The resource https://i.ytimg.com/generate_204 was preloaded using link preload but not used within a few seconds from the window's load event. Please make sure it has an appropriate `as` value and it is preloaded intentionally. @ https://www.youtube.com/watch?v=EWiiqKPyATs:0
[ 3115859ms] [WARNING] The resource https://i.ytimg.com/generate_204 was preloaded using link preload but not used within a few seconds from the window's load event. Please make sure it has an appropriate `as` value and it is preloaded intentionally. @ https://www.youtube.com/watch?v=EWiiqKPyATs:0
[ 3123055ms] [WARNING] The resource https://i.ytimg.com/generate_204 was preloaded using link preload but not used within a few seconds from the window's load event. Please make sure it has an appropriate `as` value and it is preloaded intentionally. @ https://www.youtube.com/watch?v=EWiiqKPyATs:0
[ 3128951ms] [WARNING] The resource https://i.ytimg.com/generate_204 was preloaded using link preload but not used within a few seconds from the window's load event. Please make sure it has an appropriate `as` value and it is preloaded intentionally. @ https://www.youtube.com/watch?v=EWiiqKPyATs:0
[ 3132451ms] [WARNING] The resource https://i.ytimg.com/generate_204 was preloaded using link preload but not used within a few seconds from the window's load event. Please make sure it has an appropriate `as` value and it is preloaded intentionally. @ https://www.youtube.com/watch?v=EWiiqKPyATs:0
[ 3136916ms] [WARNING] The resource https://i.ytimg.com/generate_204 was preloaded using link preload but not used within a few seconds from the window's load event. Please make sure it has an appropriate `as` value and it is preloaded intentionally. @ https://www.youtube.com/watch?v=EWiiqKPyATs:0
[ 3142963ms] [WARNING] The resource https://i.ytimg.com/generate_204 was preloaded using link preload but not used within a few seconds from the window's load event. Please make sure it has an appropriate `as` value and it is preloaded intentionally. @ https://www.youtube.com/watch?v=EWiiqKPyATs:0
[ 3150317ms] [WARNING] The resource https://i.ytimg.com/generate_204 was preloaded using link preload but not used within a few seconds from the window's load event. Please make sure it has an appropriate `as` value and it is preloaded intentionally. @ https://www.youtube.com/watch?v=EWiiqKPyATs:0
[ 3158280ms] [WARNING] The resource https://i.ytimg.com/generate_204 was preloaded using link preload but not used within a few seconds from the window's load event. Please make sure it has an appropriate `as` value and it is preloaded intentionally. @ https://www.youtube.com/watch?v=EWiiqKPyATs:0
[ 3163080ms] [WARNING] The resource https://i.ytimg.com/generate_204 was preloaded using link preload but not used within a few seconds from the window's load event. Please make sure it has an appropriate `as` value and it is preloaded intentionally. @ https://www.youtube.com/watch?v=EWiiqKPyATs:0
[ 3169082ms] [WARNING] The resource https://i.ytimg.com/generate_204 was preloaded using link preload but not used within a few seconds from the window's load event. Please make sure it has an appropriate `as` value and it is preloaded intentionally. @ https://www.youtube.com/watch?v=EWiiqKPyATs:0
[ 3172305ms] [WARNING] The resource https://i.ytimg.com/generate_204 was preloaded using link preload but not used within a few seconds from the window's load event. Please make sure it has an appropriate `as` value and it is preloaded intentionally. @ https://www.youtube.com/watch?v=EWiiqKPyATs:0
[ 3178957ms] [WARNING] The resource https://i.ytimg.com/generate_204 was preloaded using link preload but not used within a few seconds from the window's load event. Please make sure it has an appropriate `as` value and it is preloaded intentionally. @ https://www.youtube.com/watch?v=EWiiqKPyATs:0
[ 3183105ms] [WARNING] The resource https://i.ytimg.com/generate_204 was preloaded using link preload but not used within a few seconds from the window's load event. Please make sure it has an appropriate `as` value and it is preloaded intentionally. @ https://www.youtube.com/watch?v=EWiiqKPyATs:0
[ 3190454ms] [WARNING] The resource https://i.ytimg.com/generate_204 was preloaded using link preload but not used within a few seconds from the window's load event. Please make sure it has an appropriate `as` value and it is preloaded intentionally. @ https://www.youtube.com/watch?v=EWiiqKPyATs:0
[ 3194554ms] [WARNING] The resource https://i.ytimg.com/generate_204 was preloaded using link preload but not used within a few seconds from the window's load event. Please make sure it has an appropriate `as` value and it is preloaded intentionally. @ https://www.youtube.com/watch?v=EWiiqKPyATs:0
[ 3197787ms] [WARNING] The resource https://i.ytimg.com/generate_204 was preloaded using link preload but not used within a few seconds from the window's load event. Please make sure it has an appropriate `as` value and it is preloaded intentionally. @ https://www.youtube.com/watch?v=EWiiqKPyATs:0
[ 3207832ms] [WARNING] The resource https://i.ytimg.com/generate_204 was preloaded using link preload but not used within a few seconds from the window's load event. Please make sure it has an appropriate `as` value and it is preloaded intentionally. @ https://www.youtube.com/watch?v=EWiiqKPyATs:0
[ 3212426ms] [WARNING] The resource https://i.ytimg.com/generate_204 was preloaded using link preload but not used within a few seconds from the window's load event. Please make sure it has an appropriate `as` value and it is preloaded intentionally. @ https://www.youtube.com/watch?v=EWiiqKPyATs:0
[ 3217910ms] [WARNING] The resource https://i.ytimg.com/generate_204 was preloaded using link preload but not used within a few seconds from the window's load event. Please make sure it has an appropriate `as` value and it is preloaded intentionally. @ https://www.youtube.com/watch?v=EWiiqKPyATs:0
[ 3223205ms] [WARNING] The resource https://i.ytimg.com/generate_204 was preloaded using link preload but not used within a few seconds from the window's load event. Please make sure it has an appropriate `as` value and it is preloaded intentionally. @ https://www.youtube.com/watch?v=EWiiqKPyATs:0
[ 3232430ms] [WARNING] The resource https://i.ytimg.com/generate_204 was preloaded using link preload but not used within a few seconds from the window's load event. Please make sure it has an appropriate `as` value and it is preloaded intentionally. @ https://www.youtube.com/watch?v=EWiiqKPyATs:0
[ 3237406ms] [WARNING] The resource https://i.ytimg.com/generate_204 was preloaded using link preload but not used within a few seconds from the window's load event. Please make sure it has an appropriate `as` value and it is preloaded intentionally. @ https://www.youtube.com/watch?v=EWiiqKPyATs:0
[ 3240605ms] [WARNING] The resource https://i.ytimg.com/generate_204 was preloaded using link preload but not used within a few seconds from the window's load event. Please make sure it has an appropriate `as` value and it is preloaded intentionally. @ https://www.youtube.com/watch?v=EWiiqKPyATs:0
[ 3247230ms] [WARNING] The resource https://i.ytimg.com/generate_204 was preloaded using link preload but not used within a few seconds from the window's load event. Please make sure it has an appropriate `as` value and it is preloaded intentionally. @ https://www.youtube.com/watch?v=EWiiqKPyATs:0
[ 3254477ms] [WARNING] The resource https://i.ytimg.com/generate_204 was preloaded using link preload but not used within a few seconds from the window's load event. Please make sure it has an appropriate `as` value and it is preloaded intentionally. @ https://www.youtube.com/watch?v=EWiiqKPyATs:0
[ 3258287ms] [WARNING] The resource https://i.ytimg.com/generate_204 was preloaded using link preload but not used within a few seconds from the window's load event. Please make sure it has an appropriate `as` value and it is preloaded intentionally. @ https://www.youtube.com/watch?v=EWiiqKPyATs:0
[ 3262430ms] [WARNING] The resource https://i.ytimg.com/generate_204 was preloaded using link preload but not used within a few seconds from the window's load event. Please make sure it has an appropriate `as` value and it is preloaded intentionally. @ https://www.youtube.com/watch?v=EWiiqKPyATs:0
[ 3267305ms] [WARNING] The resource https://i.ytimg.com/generate_204 was preloaded using link preload but not used within a few seconds from the window's load event. Please make sure it has an appropriate `as` value and it is preloaded intentionally. @ https://www.youtube.com/watch?v=EWiiqKPyATs:0
[ 3271615ms] [WARNING] The resource https://i.ytimg.com/generate_204 was preloaded using link preload but not used within a few seconds from the window's load event. Please make sure it has an appropriate `as` value and it is preloaded intentionally. @ https://www.youtube.com/watch?v=EWiiqKPyATs:0
[ 3276302ms] [WARNING] The resource https://i.ytimg.com/generate_204 was preloaded using link preload but not used within a few seconds from the window's load event. Please make sure it has an appropriate `as` value and it is preloaded intentionally. @ https://www.youtube.com/watch?v=EWiiqKPyATs:0
[ 3288284ms] [WARNING] The resource https://i.ytimg.com/generate_204 was preloaded using link preload but not used within a few seconds from the window's load event. Please make sure it has an appropriate `as` value and it is preloaded intentionally. @ https://www.youtube.com/watch?v=EWiiqKPyATs:0
[ 3292330ms] [WARNING] The resource https://i.ytimg.com/generate_204 was preloaded using link preload but not used within a few seconds from the window's load event. Please make sure it has an appropriate `as` value and it is preloaded intentionally. @ https://www.youtube.com/watch?v=EWiiqKPyATs:0
[ 3299641ms] [WARNING] The resource https://i.ytimg.com/generate_204 was preloaded using link preload but not used within a few seconds from the window's load event. Please make sure it has an appropriate `as` value and it is preloaded intentionally. @ https://www.youtube.com/watch?v=EWiiqKPyATs:0
[ 3303831ms] [WARNING] The resource https://i.ytimg.com/generate_204 was preloaded using link preload but not used within a few seconds from the window's load event. Please make sure it has an appropriate `as` value and it is preloaded intentionally. @ https://www.youtube.com/watch?v=EWiiqKPyATs:0
[ 3308931ms] [WARNING] The resource https://i.ytimg.com/generate_204 was preloaded using link preload but not used within a few seconds from the window's load event. Please make sure it has an appropriate `as` value and it is preloaded intentionally. @ https://www.youtube.com/watch?v=EWiiqKPyATs:0
[ 3313956ms] [WARNING] The resource https://i.ytimg.com/generate_204 was preloaded using link preload but not used within a few seconds from the window's load event. Please make sure it has an appropriate `as` value and it is preloaded intentionally. @ https://www.youtube.com/watch?v=EWiiqKPyATs:0
[ 3318285ms] [WARNING] The resource https://i.ytimg.com/generate_204 was preloaded using link preload but not used within a few seconds from the window's load event. Please make sure it has an appropriate `as` value and it is preloaded intentionally. @ https://www.youtube.com/watch?v=EWiiqKPyATs:0
[ 3322751ms] [WARNING] The resource https://i.ytimg.com/generate_204 was preloaded using link preload but not used within a few seconds from the window's load event. Please make sure it has an appropriate `as` value and it is preloaded intentionally. @ https://www.youtube.com/watch?v=EWiiqKPyATs:0
[ 3327883ms] [WARNING] The resource https://i.ytimg.com/generate_204 was preloaded using link preload but not used within a few seconds from the window's load event. Please make sure it has an appropriate `as` value and it is preloaded intentionally. @ https://www.youtube.com/watch?v=EWiiqKPyATs:0
[ 3334734ms] [WARNING] The resource https://i.ytimg.com/generate_204 was preloaded using link preload but not used within a few seconds from the window's load event. Please make sure it has an appropriate `as` value and it is preloaded intentionally. @ https://www.youtube.com/watch?v=EWiiqKPyATs:0
[ 3337839ms] [WARNING] The resource https://i.ytimg.com/generate_204 was preloaded using link preload but not used within a few seconds from the window's load event. Please make sure it has an appropriate `as` value and it is preloaded intentionally. @ https://www.youtube.com/watch?v=EWiiqKPyATs:0
[ 3349594ms] [WARNING] The resource https://i.ytimg.com/generate_204 was preloaded using link preload but not used within a few seconds from the window's load event. Please make sure it has an appropriate `as` value and it is preloaded intentionally. @ https://www.youtube.com/watch?v=EWiiqKPyATs:0
[ 3352698ms] [WARNING] The resource https://i.ytimg.com/generate_204 was preloaded using link preload but not used within a few seconds from the window's load event. Please make sure it has an appropriate `as` value and it is preloaded intentionally. @ https://www.youtube.com/watch?v=EWiiqKPyATs:0
[ 3358244ms] [WARNING] The resource https://i.ytimg.com/generate_204 was preloaded using link preload but not used within a few seconds from the window's load event. Please make sure it has an appropriate `as` value and it is preloaded intentionally. @ https://www.youtube.com/watch?v=EWiiqKPyATs:0
[ 3363837ms] [WARNING] The resource https://i.ytimg.com/generate_204 was preloaded using link preload but not used within a few seconds from the window's load event. Please make sure it has an appropriate `as` value and it is preloaded intentionally. @ https://www.youtube.com/watch?v=EWiiqKPyATs:0
[ 3372591ms] [WARNING] The resource https://i.ytimg.com/generate_204 was preloaded using link preload but not used within a few seconds from the window's load event. Please make sure it has an appropriate `as` value and it is preloaded intentionally. @ https://www.youtube.com/watch?v=EWiiqKPyATs:0
[ 3378559ms] [WARNING] The resource https://i.ytimg.com/generate_204 was preloaded using link preload but not used within a few seconds from the window's load event. Please make sure it has an appropriate `as` value and it is preloaded intentionally. @ https://www.youtube.com/watch?v=EWiiqKPyATs:0
[ 3384784ms] [WARNING] The resource https://i.ytimg.com/generate_204 was preloaded using link preload but not used within a few seconds from the window's load event. Please make sure it has an appropriate `as` value and it is preloaded intentionally. @ https://www.youtube.com/watch?v=EWiiqKPyATs:0
[ 3388291ms] [WARNING] The resource https://i.ytimg.com/generate_204 was preloaded using link preload but not used within a few seconds from the window's load event. Please make sure it has an appropriate `as` value and it is preloaded intentionally. @ https://www.youtube.com/watch?v=EWiiqKPyATs:0
[ 3394821ms] [WARNING] The resource https://i.ytimg.com/generate_204 was preloaded using link preload but not used within a few seconds from the window's load event. Please make sure it has an appropriate `as` value and it is preloaded intentionally. @ https://www.youtube.com/watch?v=EWiiqKPyATs:0
[ 3409138ms] [WARNING] The resource https://i.ytimg.com/generate_204 was preloaded using link preload but not used within a few seconds from the window's load event. Please make sure it has an appropriate `as` value and it is preloaded intentionally. @ https://www.youtube.com/watch?v=EWiiqKPyATs:0
[ 3414813ms] [WARNING] The resource https://i.ytimg.com/generate_204 was preloaded using link preload but not used within a few seconds from the window's load event. Please make sure it has an appropriate `as` value and it is preloaded intentionally. @ https://www.youtube.com/watch?v=EWiiqKPyATs:0
[ 3418288ms] [WARNING] The resource https://i.ytimg.com/generate_204 was preloaded using link preload but not used within a few seconds from the window's load event. Please make sure it has an appropriate `as` value and it is preloaded intentionally. @ https://www.youtube.com/watch?v=EWiiqKPyATs:0
[ 3423285ms] [WARNING] The resource https://i.ytimg.com/generate_204 was preloaded using link preload but not used within a few seconds from the window's load event. Please make sure it has an appropriate `as` value and it is preloaded intentionally. @ https://www.youtube.com/watch?v=EWiiqKPyATs:0
[ 3429652ms] [WARNING] The resource https://i.ytimg.com/generate_204 was preloaded using link preload but not used within a few seconds from the window's load event. Please make sure it has an appropriate `as` value and it is preloaded intentionally. @ https://www.youtube.com/watch?v=EWiiqKPyATs:0
[ 3438138ms] [WARNING] The resource https://i.ytimg.com/generate_204 was preloaded using link preload but not used within a few seconds from the window's load event. Please make sure it has an appropriate `as` value and it is preloaded intentionally. @ https://www.youtube.com/watch?v=EWiiqKPyATs:0
[ 3444815ms] [WARNING] The resource https://i.ytimg.com/generate_204 was preloaded using link preload but not used within a few seconds from the window's load event. Please make sure it has an appropriate `as` value and it is preloaded intentionally. @ https://www.youtube.com/watch?v=EWiiqKPyATs:0
[ 3450338ms] [WARNING] The resource https://i.ytimg.com/generate_204 was preloaded using link preload but not used within a few seconds from the window's load event. Please make sure it has an appropriate `as` value and it is preloaded intentionally. @ https://www.youtube.com/watch?v=EWiiqKPyATs:0
[ 3457096ms] [WARNING] The resource https://i.ytimg.com/generate_204 was preloaded using link preload but not used within a few seconds from the window's load event. Please make sure it has an appropriate `as` value and it is preloaded intentionally. @ https://www.youtube.com/watch?v=EWiiqKPyATs:0
[ 3467351ms] [WARNING] The resource https://i.ytimg.com/generate_204 was preloaded using link preload but not used within a few seconds from the window's load event. Please make sure it has an appropriate `as` value and it is preloaded intentionally. @ https://www.youtube.com/watch?v=EWiiqKPyATs:0
[ 3474517ms] [WARNING] The resource https://i.ytimg.com/generate_204 was preloaded using link preload but not used within a few seconds from the window's load event. Please make sure it has an appropriate `as` value and it is preloaded intentionally. @ https://www.youtube.com/watch?v=EWiiqKPyATs:0
[ 3478297ms] [WARNING] The resource https://i.ytimg.com/generate_204 was preloaded using link preload but not used within a few seconds from the window's load event. Please make sure it has an appropriate `as` value and it is preloaded intentionally. @ https://www.youtube.com/watch?v=EWiiqKPyATs:0
[ 3482338ms] [WARNING] The resource https://i.ytimg.com/generate_204 was preloaded using link preload but not used within a few seconds from the window's load event. Please make sure it has an appropriate `as` value and it is preloaded intentionally. @ https://www.youtube.com/watch?v=EWiiqKPyATs:0
[ 3489539ms] [WARNING] The resource https://i.ytimg.com/generate_204 was preloaded using link preload but not used within a few seconds from the window's load event. Please make sure it has an appropriate `as` value and it is preloaded intentionally. @ https://www.youtube.com/watch?v=EWiiqKPyATs:0
[ 3495310ms] [WARNING] The resource https://i.ytimg.com/generate_204 was preloaded using link preload but not used within a few seconds from the window's load event. Please make sure it has an appropriate `as` value and it is preloaded intentionally. @ https://www.youtube.com/watch?v=EWiiqKPyATs:0
[ 3499191ms] [WARNING] The resource https://i.ytimg.com/generate_204 was preloaded using link preload but not used within a few seconds from the window's load event. Please make sure it has an appropriate `as` value and it is preloaded intentionally. @ https://www.youtube.com/watch?v=EWiiqKPyATs:0
[ 3502963ms] [WARNING] The resource https://i.ytimg.com/generate_204 was preloaded using link preload but not used within a few seconds from the window's load event. Please make sure it has an appropriate `as` value and it is preloaded intentionally. @ https://www.youtube.com/watch?v=EWiiqKPyATs:0
[ 3510289ms] [WARNING] The resource https://i.ytimg.com/generate_204 was preloaded using link preload but not used within a few seconds from the window's load event. Please make sure it has an appropriate `as` value and it is preloaded intentionally. @ https://www.youtube.com/watch?v=EWiiqKPyATs:0
[ 3520400ms] [WARNING] The resource https://i.ytimg.com/generate_204 was preloaded using link preload but not used within a few seconds from the window's load event. Please make sure it has an appropriate `as` value and it is preloaded intentionally. @ https://www.youtube.com/watch?v=EWiiqKPyATs:0
[ 3526135ms] [WARNING] The resource https://i.ytimg.com/generate_204 was preloaded using link preload but not used within a few seconds from the window's load event. Please make sure it has an appropriate `as` value and it is preloaded intentionally. @ https://www.youtube.com/watch?v=EWiiqKPyATs:0
[ 3539019ms] [WARNING] The resource https://i.ytimg.com/generate_204 was preloaded using link preload but not used within a few seconds from the window's load event. Please make sure it has an appropriate `as` value and it is preloaded intentionally. @ https://www.youtube.com/watch?v=EWiiqKPyATs:0
[ 3543142ms] [WARNING] The resource https://i.ytimg.com/generate_204 was preloaded using link preload but not used within a few seconds from the window's load event. Please make sure it has an appropriate `as` value and it is preloaded intentionally. @ https://www.youtube.com/watch?v=EWiiqKPyATs:0
[ 3548251ms] [WARNING] The resource https://i.ytimg.com/generate_204 was preloaded using link preload but not used within a few seconds from the window's load event. Please make sure it has an appropriate `as` value and it is preloaded intentionally. @ https://www.youtube.com/watch?v=EWiiqKPyATs:0
[ 3552117ms] [WARNING] The resource https://i.ytimg.com/generate_204 was preloaded using link preload but not used within a few seconds from the window's load event. Please make sure it has an appropriate `as` value and it is preloaded intentionally. @ https://www.youtube.com/watch?v=EWiiqKPyATs:0
[ 3557864ms] [WARNING] The resource https://i.ytimg.com/generate_204 was preloaded using link preload but not used within a few seconds from the window's load event. Please make sure it has an appropriate `as` value and it is preloaded intentionally. @ https://www.youtube.com/watch?v=EWiiqKPyATs:0
[ 3565025ms] [WARNING] The resource https://i.ytimg.com/generate_204 was preloaded using link preload but not used within a few seconds from the window's load event. Please make sure it has an appropriate `as` value and it is preloaded intentionally. @ https://www.youtube.com/watch?v=EWiiqKPyATs:0
[ 3570964ms] [WARNING] The resource https://i.ytimg.com/generate_204 was preloaded using link preload but not used within a few seconds from the window's load event. Please make sure it has an appropriate `as` value and it is preloaded intentionally. @ https://www.youtube.com/watch?v=EWiiqKPyATs:0
[ 3575649ms] [WARNING] The resource https://i.ytimg.com/generate_204 was preloaded using link preload but not used within a few seconds from the window's load event. Please make sure it has an appropriate `as` value and it is preloaded intentionally. @ https://www.youtube.com/watch?v=EWiiqKPyATs:0
[ 3579677ms] [WARNING] The resource https://i.ytimg.com/generate_204 was preloaded using link preload but not used within a few seconds from the window's load event. Please make sure it has an appropriate `as` value and it is preloaded intentionally. @ https://www.youtube.com/watch?v=EWiiqKPyATs:0
[ 3585238ms] [WARNING] The resource https://i.ytimg.com/generate_204 was preloaded using link preload but not used within a few seconds from the window's load event. Please make sure it has an appropriate `as` value and it is preloaded intentionally. @ https://www.youtube.com/watch?v=EWiiqKPyATs:0
[ 3591588ms] [WARNING] The resource https://i.ytimg.com/generate_204 was preloaded using link preload but not used within a few seconds from the window's load event. Please make sure it has an appropriate `as` value and it is preloaded intentionally. @ https://www.youtube.com/watch?v=EWiiqKPyATs:0
[ 3605964ms] [WARNING] The resource https://i.ytimg.com/generate_204 was preloaded using link preload but not used within a few seconds from the window's load event. Please make sure it has an appropriate `as` value and it is preloaded intentionally. @ https://www.youtube.com/watch?v=EWiiqKPyATs:0
[ 3619139ms] [WARNING] The resource https://i.ytimg.com/generate_204 was preloaded using link preload but not used within a few seconds from the window's load event. Please make sure it has an appropriate `as` value and it is preloaded intentionally. @ https://www.youtube.com/watch?v=EWiiqKPyATs:0
[ 3625326ms] [WARNING] The resource https://i.ytimg.com/generate_204 was preloaded using link preload but not used within a few seconds from the window's load event. Please make sure it has an appropriate `as` value and it is preloaded intentionally. @ https://www.youtube.com/watch?v=EWiiqKPyATs:0
[ 3630613ms] [WARNING] The resource https://i.ytimg.com/generate_204 was preloaded using link preload but not used within a few seconds from the window's load event. Please make sure it has an appropriate `as` value and it is preloaded intentionally. @ https://www.youtube.com/watch?v=EWiiqKPyATs:0
[ 3634939ms] [WARNING] The resource https://i.ytimg.com/generate_204 was preloaded using link preload but not used within a few seconds from the window's load event. Please make sure it has an appropriate `as` value and it is preloaded intentionally. @ https://www.youtube.com/watch?v=EWiiqKPyATs:0
[ 3638298ms] [WARNING] The resource https://i.ytimg.com/generate_204 was preloaded using link preload but not used within a few seconds from the window's load event. Please make sure it has an appropriate `as` value and it is preloaded intentionally. @ https://www.youtube.com/watch?v=EWiiqKPyATs:0
[ 3642746ms] [WARNING] The resource https://i.ytimg.com/generate_204 was preloaded using link preload but not used within a few seconds from the window's load event. Please make sure it has an appropriate `as` value and it is preloaded intentionally. @ https://www.youtube.com/watch?v=EWiiqKPyATs:0
[ 3647649ms] [WARNING] The resource https://i.ytimg.com/generate_204 was preloaded using link preload but not used within a few seconds from the window's load event. Please make sure it has an appropriate `as` value and it is preloaded intentionally. @ https://www.youtube.com/watch?v=EWiiqKPyATs:0
[ 3650864ms] [WARNING] The resource https://i.ytimg.com/generate_204 was preloaded using link preload but not used within a few seconds from the window's load event. Please make sure it has an appropriate `as` value and it is preloaded intentionally. @ https://www.youtube.com/watch?v=EWiiqKPyATs:0
[ 3660389ms] [WARNING] The resource https://i.ytimg.com/generate_204 was preloaded using link preload but not used within a few seconds from the window's load event. Please make sure it has an appropriate `as` value and it is preloaded intentionally. @ https://www.youtube.com/watch?v=EWiiqKPyATs:0
[ 3668296ms] [WARNING] The resource https://i.ytimg.com/generate_204 was preloaded using link preload but not used within a few seconds from the window's load event. Please make sure it has an appropriate `as` value and it is preloaded intentionally. @ https://www.youtube.com/watch?v=EWiiqKPyATs:0
[ 3673263ms] [WARNING] The resource https://i.ytimg.com/generate_204 was preloaded using link preload but not used within a few seconds from the window's load event. Please make sure it has an appropriate `as` value and it is preloaded intentionally. @ https://www.youtube.com/watch?v=EWiiqKPyATs:0
[ 3677571ms] [WARNING] The resource https://i.ytimg.com/generate_204 was preloaded using link preload but not used within a few seconds from the window's load event. Please make sure it has an appropriate `as` value and it is preloaded intentionally. @ https://www.youtube.com/watch?v=EWiiqKPyATs:0
[ 3685127ms] [WARNING] The resource https://i.ytimg.com/generate_204 was preloaded using link preload but not used within a few seconds from the window's load event. Please make sure it has an appropriate `as` value and it is preloaded intentionally. @ https://www.youtube.com/watch?v=EWiiqKPyATs:0
[ 3700270ms] [WARNING] The resource https://i.ytimg.com/generate_204 was preloaded using link preload but not used within a few seconds from the window's load event. Please make sure it has an appropriate `as` value and it is preloaded intentionally. @ https://www.youtube.com/watch?v=EWiiqKPyATs:0
[ 3701059ms] [ERROR] Access to XMLHttpRequest at 'https://ad.doubleclick.net/ddm/trackimp/N1224954.3735871RIOTYOUTUBE/B25827587.430301465;dc_pre=CPCfgpCRh5cDFThRnQkdDb0oWw;dc_trk_aid=589719713;dc_trk_cid=217796420;ord=1938139177;dc_lat=;dc_rdid=;tag_for_child_directed_treatment=;tfua=;gdpr=$%7BGDPR%7D;gdpr_consent=$%7BGDPR_CONSENT_755%7D;ltd=;dc_tdv=1;dc_transparent=1;;dc_rui=1;dc_exteid=2825459219905010101;dc_av=536;dc_sk=1;dc_ctype=161;dc_ref=http://www.youtube.com/video/EWiiqKPyATs;dc_eps=AHas8cAhSzxKwXKY26G9oXZHSr-N2zk3cYsB-coMjlAhkDNGXDtR_TjeoYT2ZYIHyoGFnyn_aWZcGLj6pTdqVw;dc_pubid=2;dc_btype=23?gclid=Cj0KCQjwlNPVBhCMARIsAPZ5RqgwbVJxJSVnvTvZkF3xCAYn9PT4CmrQLWn8d-xWFPxNjEW5JNMq3oUaAlEAEALw_wcB&ase=2&nis=6' (redirected from 'https://ad.doubleclick.net/ddm/trackimp/N1224954.3735871RIOTYOUTUBE/B25827587.430301465;dc_trk_aid=589719713;dc_trk_cid=217796420;ord=1938139177;dc_lat=;dc_rdid=;tag_for_child_directed_treatment=;tfua=;gdpr=$%7BGDPR%7D;gdpr_consent=$%7BGDPR_CONSENT_755%7D;ltd=;dc_tdv=1;dc_transparent=1;;dc_rui=1;dc_exteid=2825459219905010101;dc_av=536;dc_sk=1;dc_ctype=161;dc_ref=http://www.youtube.com/video/EWiiqKPyATs;dc_eps=AHas8cAhSzxKwXKY26G9oXZHSr-N2zk3cYsB-coMjlAhkDNGXDtR_TjeoYT2ZYIHyoGFnyn_aWZcGLj6pTdqVw;dc_pubid=2;dc_btype=23?gclid=Cj0KCQjwlNPVBhCMARIsAPZ5RqgwbVJxJSVnvTvZkF3xCAYn9PT4CmrQLWn8d-xWFPxNjEW5JNMq3oUaAlEAEALw_wcB&ase=2&nis=6') from origin 'https://www.youtube.com' has been blocked by CORS policy: No 'Access-Control-Allow-Origin' header is present on the requested resource. @ https://www.youtube.com/watch?v=EWiiqKPyATs:0
[ 3701059ms] [ERROR] Failed to load resource: net::ERR_FAILED @ https://ad.doubleclick.net/ddm/trackimp/N1224954.3735871RIOTYOUTUBE/B25827587.430301465;dc_pre=CPCfgpCRh5cDFThRnQkdDb0oWw;dc_trk_aid=589719713;dc_trk_cid=217796420;ord=1938139177;dc_lat=;dc_rdid=;tag_for_child_directed_treatment=;tfua=;gdpr=$%7BGDPR%7D;gdpr_consent=$%7BGDPR_CONSENT_755%7D;ltd=;dc_tdv=1;dc_transparent=1;;dc_rui=1;dc_exteid=2825459219905010101;dc_av=536;dc_sk=1;dc_ctype=161;dc_ref=http://www.youtube.com/video/EWiiqKPyATs;dc_eps=AHas8cAhSzxKwXKY26G9oXZHSr-N2zk3cYsB-coMjlAhkDNGXDtR_TjeoYT2ZYIHyoGFnyn_aWZcGLj6pTdqVw;dc_pubid=2;dc_btype=23?gclid=Cj0KCQjwlNPVBhCMARIsAPZ5RqgwbVJxJSVnvTvZkF3xCAYn9PT4CmrQLWn8d-xWFPxNjEW5JNMq3oUaAlEAEALw_wcB&ase=2&nis=6:0
[ 3712275ms] [WARNING] The resource https://i.ytimg.com/generate_204 was preloaded using link preload but not used within a few seconds from the window's load event. Please make sure it has an appropriate `as` value and it is preloaded intentionally. @ https://www.youtube.com/watch?v=EWiiqKPyATs:0
[ 3718302ms] [WARNING] The resource https://i.ytimg.com/generate_204 was preloaded using link preload but not used within a few seconds from the window's load event. Please make sure it has an appropriate `as` value and it is preloaded intentionally. @ https://www.youtube.com/watch?v=EWiiqKPyATs:0
[ 3722839ms] [WARNING] The resource https://i.ytimg.com/generate_204 was preloaded using link preload but not used within a few seconds from the window's load event. Please make sure it has an appropriate `as` value and it is preloaded intentionally. @ https://www.youtube.com/watch?v=EWiiqKPyATs:0
[ 3729939ms] [WARNING] The resource https://i.ytimg.com/generate_204 was preloaded using link preload but not used within a few seconds from the window's load event. Please make sure it has an appropriate `as` value and it is preloaded intentionally. @ https://www.youtube.com/watch?v=EWiiqKPyATs:0
[ 3734564ms] [WARNING] The resource https://i.ytimg.com/generate_204 was preloaded using link preload but not used within a few seconds from the window's load event. Please make sure it has an appropriate `as` value and it is preloaded intentionally. @ https://www.youtube.com/watch?v=EWiiqKPyATs:0
[ 3739764ms] [WARNING] The resource https://i.ytimg.com/generate_204 was preloaded using link preload but not used within a few seconds from the window's load event. Please make sure it has an appropriate `as` value and it is preloaded intentionally. @ https://www.youtube.com/watch?v=EWiiqKPyATs:0
[ 3743489ms] [WARNING] The resource https://i.ytimg.com/generate_204 was preloaded using link preload but not used within a few seconds from the window's load event. Please make sure it has an appropriate `as` value and it is preloaded intentionally. @ https://www.youtube.com/watch?v=EWiiqKPyATs:0
[ 3749619ms] [WARNING] The resource https://i.ytimg.com/generate_204 was preloaded using link preload but not used within a few seconds from the window's load event. Please make sure it has an appropriate `as` value and it is preloaded intentionally. @ https://www.youtube.com/watch?v=EWiiqKPyATs:0
[ 3753297ms] [WARNING] The resource https://i.ytimg.com/generate_204 was preloaded using link preload but not used within a few seconds from the window's load event. Please make sure it has an appropriate `as` value and it is preloaded intentionally. @ https://www.youtube.com/watch?v=EWiiqKPyATs:0
[ 3756935ms] [WARNING] The resource https://i.ytimg.com/generate_204 was preloaded using link preload but not used within a few seconds from the window's load event. Please make sure it has an appropriate `as` value and it is preloaded intentionally. @ https://www.youtube.com/watch?v=EWiiqKPyATs:0
[ 3761364ms] [WARNING] The resource https://i.ytimg.com/generate_204 was preloaded using link preload but not used within a few seconds from the window's load event. Please make sure it has an appropriate `as` value and it is preloaded intentionally. @ https://www.youtube.com/watch?v=EWiiqKPyATs:0
[ 3766621ms] [WARNING] The resource https://i.ytimg.com/generate_204 was preloaded using link preload but not used within a few seconds from the window's load event. Please make sure it has an appropriate `as` value and it is preloaded intentionally. @ https://www.youtube.com/watch?v=EWiiqKPyATs:0
[ 3774202ms] [WARNING] The resource https://i.ytimg.com/generate_204 was preloaded using link preload but not used within a few seconds from the window's load event. Please make sure it has an appropriate `as` value and it is preloaded intentionally. @ https://www.youtube.com/watch?v=EWiiqKPyATs:0
[ 3782564ms] [WARNING] The resource https://i.ytimg.com/generate_204 was preloaded using link preload but not used within a few seconds from the window's load event. Please make sure it has an appropriate `as` value and it is preloaded intentionally. @ https://www.youtube.com/watch?v=EWiiqKPyATs:0
[ 3788289ms] [WARNING] The resource https://i.ytimg.com/generate_204 was preloaded using link preload but not used within a few seconds from the window's load event. Please make sure it has an appropriate `as` value and it is preloaded intentionally. @ https://www.youtube.com/watch?v=EWiiqKPyATs:0
[ 3795087ms] [WARNING] The resource https://i.ytimg.com/generate_204 was preloaded using link preload but not used within a few seconds from the window's load event. Please make sure it has an appropriate `as` value and it is preloaded intentionally. @ https://www.youtube.com/watch?v=EWiiqKPyATs:0
[ 3803620ms] [WARNING] The resource https://i.ytimg.com/generate_204 was preloaded using link preload but not used within a few seconds from the window's load event. Please make sure it has an appropriate `as` value and it is preloaded intentionally. @ https://www.youtube.com/watch?v=EWiiqKPyATs:0
[ 3806940ms] [ERROR] Failed to load resource: net::ERR_NETWORK_CHANGED @ https://www.youtube.com/generate_204:0
[ 3807048ms] [ERROR] Failed to load resource: net::ERR_INTERNET_DISCONNECTED @ https://rr2---sn-ci5gup-jwcz.googlevideo.com/videoplayback?expire=1790267969&ei=4P20av-LNZivjuMP8t-8qAU&ip=110.226.112.188&id=o-ACfbKMscChcmrh21Sp_s84Ra3DYMFRqTUHrpEigZB181&source=youtube&requiressl=yes&xpc=EgVo2aDSNQ%3D%3D&cps=653&met=1790246368%2C&mh=xx&mm=18%2C29&mn=sn-ci5gup-jwcz%2Csn-ci5gup-h556&ms=aub%2Crdu&mv=m&mvi=2&pl=24&rms=aub%2Caub&initcwndbps=2428000&siu=1&spc=I-rgIR6pCdUDNDfSyB2LQeJT8Z8hC5fjdmZnSQqZxGcCdD9LwXzMR2k&svpuc=1&ns=vU_STVr_Xvhrfr_iGBH7nKgY&sabr=1&rqh=1&mt=1790245976&fvip=3&keepalive=yes&fexp=51565116%2C52178456&c=WEB&n=9KxDiveX4Xu8Yg&sparams=expire%2Cei%2Cip%2Cid%2Csource%2Crequiressl%2Cxpc%2Csiu%2Cspc%2Csvpuc%2Cns%2Csabr%2Crqh&sig=AE0s2JYwRQIhAPX0heVlVCkz5mBWW1CX4pZ8iGii_Tcibk0KHWgV_6vCAiBB5ntbHsrb1yuADAhBbQ3kU5zxCeNki9nJwRbv7AwvsQ%3D%3D&lsparams=cps%2Cmet%2Cmh%2Cmm%2Cmn%2Cms%2Cmv%2Cmvi%2Cpl%2Crms%2Cinitcwndbps&lsig=APaTxxMwRAIgddXrOsZ3T1w0szFV3ztRCIzl-CU1jZuWhXzHrChK7aECIH24kQgF70eOaUEyhxGH13UbLxMR8Ga-zALFIvQdiXXm&cpn=-fT3UcjLTZm2PDY-&cver=2.20260922.06.00&rn=859&alr=yes:0
[ 3807053ms] [ERROR] Failed to load resource: net::ERR_INTERNET_DISCONNECTED @ https://rr3---sn-ci5gup-h556.googlevideo.com/videoplayback?expire=1790267969&ei=4P20av-LNZivjuMP8t-8qAU&ip=110.226.112.188&id=o-ACfbKMscChcmrh21Sp_s84Ra3DYMFRqTUHrpEigZB181&source=youtube&requiressl=yes&xpc=EgVo2aDSNQ%3D%3D&cps=653&met=1790246368%2C&mh=xx&mm=18%2C29&mn=sn-ci5gup-jwcz%2Csn-ci5gup-h556&ms=aub%2Crdu&mv=m&mvi=2&pl=24&rms=aub%2Caub&initcwndbps=2428000&siu=1&spc=I-rgIR6pCdUDNDfSyB2LQeJT8Z8hC5fjdmZnSQqZxGcCdD9LwXzMR2k&svpuc=1&ns=vU_STVr_Xvhrfr_iGBH7nKgY&sabr=1&rqh=1&mt=1790245976&fvip=3&keepalive=yes&fexp=51565116%2C52178456&c=WEB&n=9KxDiveX4Xu8Yg&sparams=expire%2Cei%2Cip%2Cid%2Csource%2Crequiressl%2Cxpc%2Csiu%2Cspc%2Csvpuc%2Cns%2Csabr%2Crqh&sig=AE0s2JYwRQIhAPX0heVlVCkz5mBWW1CX4pZ8iGii_Tcibk0KHWgV_6vCAiBB5ntbHsrb1yuADAhBbQ3kU5zxCeNki9nJwRbv7AwvsQ%3D%3D&lsparams=cps%2Cmet%2Cmh%2Cmm%2Cmn%2Cms%2Cmv%2Cmvi%2Cpl%2Crms%2Cinitcwndbps&lsig=APaTxxMwRAIgddXrOsZ3T1w0szFV3ztRCIzl-CU1jZuWhXzHrChK7aECIH24kQgF70eOaUEyhxGH13UbLxMR8Ga-zALFIvQdiXXm&cpn=-fT3UcjLTZm2PDY-&cver=2.20260922.06.00&fallback_count=1&rn=860&alr=yes:0
[ 3807056ms] [ERROR] Failed to load resource: net::ERR_INTERNET_DISCONNECTED @ https://rr2---sn-ci5gup-jwcz.googlevideo.com/videoplayback?expire=1790267969&ei=4P20av-LNZivjuMP8t-8qAU&ip=110.226.112.188&id=o-ACfbKMscChcmrh21Sp_s84Ra3DYMFRqTUHrpEigZB181&source=youtube&requiressl=yes&xpc=EgVo2aDSNQ%3D%3D&cps=653&met=1790246368%2C&mh=xx&mm=18%2C29&mn=sn-ci5gup-jwcz%2Csn-ci5gup-h556&ms=aub%2Crdu&mv=m&mvi=2&pl=24&rms=aub%2Caub&initcwndbps=2428000&siu=1&spc=I-rgIR6pCdUDNDfSyB2LQeJT8Z8hC5fjdmZnSQqZxGcCdD9LwXzMR2k&svpuc=1&ns=vU_STVr_Xvhrfr_iGBH7nKgY&sabr=1&rqh=1&mt=1790245976&fvip=3&keepalive=yes&fexp=51565116%2C52178456&c=WEB&n=9KxDiveX4Xu8Yg&sparams=expire%2Cei%2Cip%2Cid%2Csource%2Crequiressl%2Cxpc%2Csiu%2Cspc%2Csvpuc%2Cns%2Csabr%2Crqh&sig=AE0s2JYwRQIhAPX0heVlVCkz5mBWW1CX4pZ8iGii_Tcibk0KHWgV_6vCAiBB5ntbHsrb1yuADAhBbQ3kU5zxCeNki9nJwRbv7AwvsQ%3D%3D&lsparams=cps%2Cmet%2Cmh%2Cmm%2Cmn%2Cms%2Cmv%2Cmvi%2Cpl%2Crms%2Cinitcwndbps&lsig=APaTxxMwRAIgddXrOsZ3T1w0szFV3ztRCIzl-CU1jZuWhXzHrChK7aECIH24kQgF70eOaUEyhxGH13UbLxMR8Ga-zALFIvQdiXXm&cpn=-fT3UcjLTZm2PDY-&cver=2.20260922.06.00&rn=861&alr=yes:0
[ 3807059ms] [ERROR] Failed to load resource: net::ERR_INTERNET_DISCONNECTED @ https://rr3---sn-ci5gup-h556.googlevideo.com/videoplayback?expire=1790267969&ei=4P20av-LNZivjuMP8t-8qAU&ip=110.226.112.188&id=o-ACfbKMscChcmrh21Sp_s84Ra3DYMFRqTUHrpEigZB181&source=youtube&requiressl=yes&xpc=EgVo2aDSNQ%3D%3D&cps=653&met=1790246368%2C&mh=xx&mm=18%2C29&mn=sn-ci5gup-jwcz%2Csn-ci5gup-h556&ms=aub%2Crdu&mv=m&mvi=2&pl=24&rms=aub%2Caub&initcwndbps=2428000&siu=1&spc=I-rgIR6pCdUDNDfSyB2LQeJT8Z8hC5fjdmZnSQqZxGcCdD9LwXzMR2k&svpuc=1&ns=vU_STVr_Xvhrfr_iGBH7nKgY&sabr=1&rqh=1&mt=1790245976&fvip=3&keepalive=yes&fexp=51565116%2C52178456&c=WEB&n=9KxDiveX4Xu8Yg&sparams=expire%2Cei%2Cip%2Cid%2Csource%2Crequiressl%2Cxpc%2Csiu%2Cspc%2Csvpuc%2Cns%2Csabr%2Crqh&sig=AE0s2JYwRQIhAPX0heVlVCkz5mBWW1CX4pZ8iGii_Tcibk0KHWgV_6vCAiBB5ntbHsrb1yuADAhBbQ3kU5zxCeNki9nJwRbv7AwvsQ%3D%3D&lsparams=cps%2Cmet%2Cmh%2Cmm%2Cmn%2Cms%2Cmv%2Cmvi%2Cpl%2Crms%2Cinitcwndbps&lsig=APaTxxMwRAIgddXrOsZ3T1w0szFV3ztRCIzl-CU1jZuWhXzHrChK7aECIH24kQgF70eOaUEyhxGH13UbLxMR8Ga-zALFIvQdiXXm&cpn=-fT3UcjLTZm2PDY-&cver=2.20260922.06.00&fallback_count=1&rn=862&alr=yes:0
[ 3808945ms] [ERROR] Failed to load resource: net::ERR_INTERNET_DISCONNECTED @ https://rr2---sn-ci5gup-jwcz.googlevideo.com/videoplayback?expire=1790267969&ei=4P20av-LNZivjuMP8t-8qAU&ip=110.226.112.188&id=o-ACfbKMscChcmrh21Sp_s84Ra3DYMFRqTUHrpEigZB181&source=youtube&requiressl=yes&xpc=EgVo2aDSNQ%3D%3D&cps=653&met=1790246368%2C&mh=xx&mm=18%2C29&mn=sn-ci5gup-jwcz%2Csn-ci5gup-h556&ms=aub%2Crdu&mv=m&mvi=2&pl=24&rms=aub%2Caub&initcwndbps=2428000&siu=1&spc=I-rgIR6pCdUDNDfSyB2LQeJT8Z8hC5fjdmZnSQqZxGcCdD9LwXzMR2k&svpuc=1&ns=vU_STVr_Xvhrfr_iGBH7nKgY&sabr=1&rqh=1&mt=1790245976&fvip=3&keepalive=yes&fexp=51565116%2C52178456&c=WEB&n=9KxDiveX4Xu8Yg&sparams=expire%2Cei%2Cip%2Cid%2Csource%2Crequiressl%2Cxpc%2Csiu%2Cspc%2Csvpuc%2Cns%2Csabr%2Crqh&sig=AE0s2JYwRQIhAPX0heVlVCkz5mBWW1CX4pZ8iGii_Tcibk0KHWgV_6vCAiBB5ntbHsrb1yuADAhBbQ3kU5zxCeNki9nJwRbv7AwvsQ%3D%3D&lsparams=cps%2Cmet%2Cmh%2Cmm%2Cmn%2Cms%2Cmv%2Cmvi%2Cpl%2Crms%2Cinitcwndbps&lsig=APaTxxMwRAIgddXrOsZ3T1w0szFV3ztRCIzl-CU1jZuWhXzHrChK7aECIH24kQgF70eOaUEyhxGH13UbLxMR8Ga-zALFIvQdiXXm&cpn=-fT3UcjLTZm2PDY-&cver=2.20260922.06.00&rn=863&alr=yes:0
[ 3814064ms] [WARNING] The resource https://i.ytimg.com/generate_204 was preloaded using link preload but not used within a few seconds from the window's load event. Please make sure it has an appropriate `as` value and it is preloaded intentionally. @ https://www.youtube.com/watch?v=EWiiqKPyATs:0
[ 3820326ms] [WARNING] The resource https://i.ytimg.com/generate_204 was preloaded using link preload but not used within a few seconds from the window's load event. Please make sure it has an appropriate `as` value and it is preloaded intentionally. @ https://www.youtube.com/watch?v=EWiiqKPyATs:0
[ 3824666ms] [WARNING] The resource https://i.ytimg.com/generate_204 was preloaded using link preload but not used within a few seconds from the window's load event. Please make sure it has an appropriate `as` value and it is preloaded intentionally. @ https://www.youtube.com/watch?v=EWiiqKPyATs:0
[ 3827988ms] [WARNING] The resource https://i.ytimg.com/generate_204 was preloaded using link preload but not used within a few seconds from the window's load event. Please make sure it has an appropriate `as` value and it is preloaded intentionally. @ https://www.youtube.com/watch?v=EWiiqKPyATs:0
[ 3833302ms] [WARNING] The resource https://i.ytimg.com/generate_204 was preloaded using link preload but not used within a few seconds from the window's load event. Please make sure it has an appropriate `as` value and it is preloaded intentionally. @ https://www.youtube.com/watch?v=EWiiqKPyATs:0
[ 3839298ms] [WARNING] The resource https://i.ytimg.com/generate_204 was preloaded using link preload but not used within a few seconds from the window's load event. Please make sure it has an appropriate `as` value and it is preloaded intentionally. @ https://www.youtube.com/watch?v=EWiiqKPyATs:0
[ 3842572ms] [WARNING] The resource https://i.ytimg.com/generate_204 was preloaded using link preload but not used within a few seconds from the window's load event. Please make sure it has an appropriate `as` value and it is preloaded intentionally. @ https://www.youtube.com/watch?v=EWiiqKPyATs:0
[ 3851447ms] [WARNING] The resource https://i.ytimg.com/generate_204 was preloaded using link preload but not used within a few seconds from the window's load event. Please make sure it has an appropriate `as` value and it is preloaded intentionally. @ https://www.youtube.com/watch?v=EWiiqKPyATs:0
[ 3858297ms] [WARNING] The resource https://i.ytimg.com/generate_204 was preloaded using link preload but not used within a few seconds from the window's load event. Please make sure it has an appropriate `as` value and it is preloaded intentionally. @ https://www.youtube.com/watch?v=EWiiqKPyATs:0
[ 3862023ms] [WARNING] The resource https://i.ytimg.com/generate_204 was preloaded using link preload but not used within a few seconds from the window's load event. Please make sure it has an appropriate `as` value and it is preloaded intentionally. @ https://www.youtube.com/watch?v=EWiiqKPyATs:0
[ 3869520ms] [WARNING] The resource https://i.ytimg.com/generate_204 was preloaded using link preload but not used within a few seconds from the window's load event. Please make sure it has an appropriate `as` value and it is preloaded intentionally. @ https://www.youtube.com/watch?v=EWiiqKPyATs:0
[ 3874469ms] [WARNING] The resource https://i.ytimg.com/generate_204 was preloaded using link preload but not used within a few seconds from the window's load event. Please make sure it has an appropriate `as` value and it is preloaded intentionally. @ https://www.youtube.com/watch?v=EWiiqKPyATs:0
[ 3882147ms] [WARNING] The resource https://i.ytimg.com/generate_204 was preloaded using link preload but not used within a few seconds from the window's load event. Please make sure it has an appropriate `as` value and it is preloaded intentionally. @ https://www.youtube.com/watch?v=EWiiqKPyATs:0
[ 3888468ms] [WARNING] The resource https://i.ytimg.com/generate_204 was preloaded using link preload but not used within a few seconds from the window's load event. Please make sure it has an appropriate `as` value and it is preloaded intentionally. @ https://www.youtube.com/watch?v=EWiiqKPyATs:0
[ 3895851ms] [WARNING] The resource https://i.ytimg.com/generate_204 was preloaded using link preload but not used within a few seconds from the window's load event. Please make sure it has an appropriate `as` value and it is preloaded intentionally. @ https://www.youtube.com/watch?v=EWiiqKPyATs:0
[ 3902646ms] [WARNING] The resource https://i.ytimg.com/generate_204 was preloaded using link preload but not used within a few seconds from the window's load event. Please make sure it has an appropriate `as` value and it is preloaded intentionally. @ https://www.youtube.com/watch?v=EWiiqKPyATs:0
[ 3907939ms] [WARNING] The resource https://i.ytimg.com/generate_204 was preloaded using link preload but not used within a few seconds from the window's load event. Please make sure it has an appropriate `as` value and it is preloaded intentionally. @ https://www.youtube.com/watch?v=EWiiqKPyATs:0
[ 3921167ms] [WARNING] The resource https://i.ytimg.com/generate_204 was preloaded using link preload but not used within a few seconds from the window's load event. Please make sure it has an appropriate `as` value and it is preloaded intentionally. @ https://www.youtube.com/watch?v=EWiiqKPyATs:0
[ 3925218ms] [WARNING] The resource https://i.ytimg.com/generate_204 was preloaded using link preload but not used within a few seconds from the window's load event. Please make sure it has an appropriate `as` value and it is preloaded intentionally. @ https://www.youtube.com/watch?v=EWiiqKPyATs:0
[ 3928842ms] [WARNING] The resource https://i.ytimg.com/generate_204 was preloaded using link preload but not used within a few seconds from the window's load event. Please make sure it has an appropriate `as` value and it is preloaded intentionally. @ https://www.youtube.com/watch?v=EWiiqKPyATs:0
[ 3936417ms] [WARNING] The resource https://i.ytimg.com/generate_204 was preloaded using link preload but not used within a few seconds from the window's load event. Please make sure it has an appropriate `as` value and it is preloaded intentionally. @ https://www.youtube.com/watch?v=EWiiqKPyATs:0
[ 3941818ms] [WARNING] The resource https://i.ytimg.com/generate_204 was preloaded using link preload but not used within a few seconds from the window's load event. Please make sure it has an appropriate `as` value and it is preloaded intentionally. @ https://www.youtube.com/watch?v=EWiiqKPyATs:0
[ 3945040ms] [WARNING] The resource https://i.ytimg.com/generate_204 was preloaded using link preload but not used within a few seconds from the window's load event. Please make sure it has an appropriate `as` value and it is preloaded intentionally. @ https://www.youtube.com/watch?v=EWiiqKPyATs:0
[ 3953392ms] [WARNING] The resource https://i.ytimg.com/generate_204 was preloaded using link preload but not used within a few seconds from the window's load event. Please make sure it has an appropriate `as` value and it is preloaded intentionally. @ https://www.youtube.com/watch?v=EWiiqKPyATs:0
[ 3960742ms] [WARNING] The resource https://i.ytimg.com/generate_204 was preloaded using link preload but not used within a few seconds from the window's load event. Please make sure it has an appropriate `as` value and it is preloaded intentionally. @ https://www.youtube.com/watch?v=EWiiqKPyATs:0
[ 3968397ms] [WARNING] The resource https://i.ytimg.com/generate_204 was preloaded using link preload but not used within a few seconds from the window's load event. Please make sure it has an appropriate `as` value and it is preloaded intentionally. @ https://www.youtube.com/watch?v=EWiiqKPyATs:0
[ 3972629ms] [WARNING] The resource https://i.ytimg.com/generate_204 was preloaded using link preload but not used within a few seconds from the window's load event. Please make sure it has an appropriate `as` value and it is preloaded intentionally. @ https://www.youtube.com/watch?v=EWiiqKPyATs:0
[ 3980317ms] [WARNING] The resource https://i.ytimg.com/generate_204 was preloaded using link preload but not used within a few seconds from the window's load event. Please make sure it has an appropriate `as` value and it is preloaded intentionally. @ https://www.youtube.com/watch?v=EWiiqKPyATs:0
[ 3984217ms] [WARNING] The resource https://i.ytimg.com/generate_204 was preloaded using link preload but not used within a few seconds from the window's load event. Please make sure it has an appropriate `as` value and it is preloaded intentionally. @ https://www.youtube.com/watch?v=EWiiqKPyATs:0
[ 3988618ms] [WARNING] The resource https://i.ytimg.com/generate_204 was preloaded using link preload but not used within a few seconds from the window's load event. Please make sure it has an appropriate `as` value and it is preloaded intentionally. @ https://www.youtube.com/watch?v=EWiiqKPyATs:0
[ 3993401ms] [WARNING] The resource https://i.ytimg.com/generate_204 was preloaded using link preload but not used within a few seconds from the window's load event. Please make sure it has an appropriate `as` value and it is preloaded intentionally. @ https://www.youtube.com/watch?v=EWiiqKPyATs:0
[ 3996993ms] [WARNING] The resource https://i.ytimg.com/generate_204 was preloaded using link preload but not used within a few seconds from the window's load event. Please make sure it has an appropriate `as` value and it is preloaded intentionally. @ https://www.youtube.com/watch?v=EWiiqKPyATs:0
[ 4000217ms] [WARNING] The resource https://i.ytimg.com/generate_204 was preloaded using link preload but not used within a few seconds from the window's load event. Please make sure it has an appropriate `as` value and it is preloaded intentionally. @ https://www.youtube.com/watch?v=EWiiqKPyATs:0
[ 4004618ms] [WARNING] The resource https://i.ytimg.com/generate_204 was preloaded using link preload but not used within a few seconds from the window's load event. Please make sure it has an appropriate `as` value and it is preloaded intentionally. @ https://www.youtube.com/watch?v=EWiiqKPyATs:0
[ 4008315ms] [WARNING] The resource https://i.ytimg.com/generate_204 was preloaded using link preload but not used within a few seconds from the window's load event. Please make sure it has an appropriate `as` value and it is preloaded intentionally. @ https://www.youtube.com/watch?v=EWiiqKPyATs:0
[ 4012022ms] [WARNING] The resource https://i.ytimg.com/generate_204 was preloaded using link preload but not used within a few seconds from the window's load event. Please make sure it has an appropriate `as` value and it is preloaded intentionally. @ https://www.youtube.com/watch?v=EWiiqKPyATs:0
[ 4021304ms] [WARNING] The resource https://i.ytimg.com/generate_204 was preloaded using link preload but not used within a few seconds from the window's load event. Please make sure it has an appropriate `as` value and it is preloaded intentionally. @ https://www.youtube.com/watch?v=EWiiqKPyATs:0
[ 4038297ms] [WARNING] The resource https://i.ytimg.com/generate_204 was preloaded using link preload but not used within a few seconds from the window's load event. Please make sure it has an appropriate `as` value and it is preloaded intentionally. @ https://www.youtube.com/watch?v=EWiiqKPyATs:0
[ 4045067ms] [WARNING] The resource https://i.ytimg.com/generate_204 was preloaded using link preload but not used within a few seconds from the window's load event. Please make sure it has an appropriate `as` value and it is preloaded intentionally. @ https://www.youtube.com/watch?v=EWiiqKPyATs:0
[ 4049192ms] [WARNING] The resource https://i.ytimg.com/generate_204 was preloaded using link preload but not used within a few seconds from the window's load event. Please make sure it has an appropriate `as` value and it is preloaded intentionally. @ https://www.youtube.com/watch?v=EWiiqKPyATs:0
[ 4053026ms] [WARNING] The resource https://i.ytimg.com/generate_204 was preloaded using link preload but not used within a few seconds from the window's load event. Please make sure it has an appropriate `as` value and it is preloaded intentionally. @ https://www.youtube.com/watch?v=EWiiqKPyATs:0
[ 4058167ms] [WARNING] The resource https://i.ytimg.com/generate_204 was preloaded using link preload but not used within a few seconds from the window's load event. Please make sure it has an appropriate `as` value and it is preloaded intentionally. @ https://www.youtube.com/watch?v=EWiiqKPyATs:0
[ 4062154ms] [WARNING] The resource https://i.ytimg.com/generate_204 was preloaded using link preload but not used within a few seconds from the window's load event. Please make sure it has an appropriate `as` value and it is preloaded intentionally. @ https://www.youtube.com/watch?v=EWiiqKPyATs:0
[ 4069614ms] [WARNING] The resource https://i.ytimg.com/generate_204 was preloaded using link preload but not used within a few seconds from the window's load event. Please make sure it has an appropriate `as` value and it is preloaded intentionally. @ https://www.youtube.com/watch?v=EWiiqKPyATs:0
[ 4078494ms] [WARNING] The resource https://i.ytimg.com/generate_204 was preloaded using link preload but not used within a few seconds from the window's load event. Please make sure it has an appropriate `as` value and it is preloaded intentionally. @ https://www.youtube.com/watch?v=EWiiqKPyATs:0
[ 4084218ms] [WARNING] The resource https://i.ytimg.com/generate_204 was preloaded using link preload but not used within a few seconds from the window's load event. Please make sure it has an appropriate `as` value and it is preloaded intentionally. @ https://www.youtube.com/watch?v=EWiiqKPyATs:0
[ 4087479ms] [WARNING] The resource https://i.ytimg.com/generate_204 was preloaded using link preload but not used within a few seconds from the window's load event. Please make sure it has an appropriate `as` value and it is preloaded intentionally. @ https://www.youtube.com/watch?v=EWiiqKPyATs:0
